-- phpMyAdmin SQL Dump
-- version 4.9.4
-- https://www.phpmyadmin.net/
--
-- Host: localhost:3306
-- Generation Time: Dec 15, 2020 at 02:59 PM
-- Server version: 5.6.49-cll-lve
-- PHP Version: 7.3.6

SET SQL_MODE = "NO_AUTO_VALUE_ON_ZERO";
SET AUTOCOMMIT = 0;
START TRANSACTION;
SET time_zone = "+00:00";


/*!40101 SET @OLD_CHARACTER_SET_CLIENT=@@CHARACTER_SET_CLIENT */;
/*!40101 SET @OLD_CHARACTER_SET_RESULTS=@@CHARACTER_SET_RESULTS */;
/*!40101 SET @OLD_COLLATION_CONNECTION=@@COLLATION_CONNECTION */;
/*!40101 SET NAMES utf8mb4 */;

--
-- Database: `608_03`
--

-- --------------------------------------------------------

--
-- Table structure for table `product list`
--

CREATE TABLE `product list` (
  `id` int(13) NOT NULL,
  `name` varchar(64) NOT NULL,
  `email` varchar(128) NOT NULL,
  `url` varchar(256) NOT NULL,
  `price` decimal(10,2) NOT NULL,
  `category` varchar(16) NOT NULL,
  `date_create` datetime NOT NULL,
  `date_modify` datetime NOT NULL,
  `description` text NOT NULL,
  `thumbnail` varchar(128) NOT NULL,
  `images` varchar(256) NOT NULL,
  `orig price` decimal(10,2) NOT NULL
) ENGINE=MyISAM DEFAULT CHARSET=latin1;

-- --------------------------------------------------------

--
-- Table structure for table `products`
--

CREATE TABLE `products` (
  `id` int(13) NOT NULL,
  `title` varchar(64) NOT NULL,
  `url` varchar(256) NOT NULL,
  `original_price` decimal(10,2) NOT NULL,
  `price` decimal(10,2) NOT NULL,
  `category` varchar(16) NOT NULL,
  `color` text NOT NULL,
  `size` text NOT NULL,
  `description` text NOT NULL,
  `thumbnail` varchar(128) NOT NULL,
  `images` varchar(256) NOT NULL,
  `quantity` int(16) NOT NULL
) ENGINE=MyISAM DEFAULT CHARSET=latin1;

--
-- Dumping data for table `products`
--

INSERT INTO `products` (`id`, `title`, `url`, `original_price`, `price`, `category`, `color`, `size`, `description`, `thumbnail`, `images`, `quantity`) VALUES
(1, 'Nike Air Jordan windbreaker ', 'http://arianaad.com/aau/wnm608/adili.ariana/productlist.php', 150.00, 70.00, 'Jacket', 'Black', 'Large', 'Water-repellent jacket that gives great coverage during harsh weather. ', '/images/jordanblazer.jpg', '/images/jordanblazer.jpg', 10),
(2, 'Adidas Ultra Boost', 'http://arianaad.com/aau/wnm608/adili.ariana/productlist.php', 225.00, 125.00, 'Shoes', 'White ', '12', 'Soft and lightweight sneakers perfect for getting around. Target support in your forefoot and heel to keep you comfortable all day. ', 'images/whiteultraboosts.jpg', 'images/whiteultraboosts.jpg', 10),
(3, 'Nike sherpa fleece jacket', 'http://arianaad.com/aau/wnm608/adili.ariana/productlist.php', 215.00, 140.00, 'Jacket', 'White ', 'Large', 'Made with a soft sherpa material that is perfect to wear during colder weather.', 'images/sherpa.jpg', 'images/sherpa.jpg', 10),
(4, 'Forever21 bomber jacket', 'http://arianaad.com/aau/wnm608/adili.ariana/productlist.php', 80.00, 45.00, 'Jacket', 'Olive green', 'Medium', 'Puff-sleeved jacket with banned cuffs that is suitable for every day wear.', 'images/forever21jacket.jpg', 'images/forever21jacket.jpg', 10),
(5, 'PacSun bomber jacket', 'http://arianaad.com/aau/wnm608/adili.ariana/productlist.php', 125.00, 95.00, 'Jacket', 'Olive green', 'Large', 'Puff-sleeved jacket suitable for every day wear.', 'images/pacsunbomber.jpg', 'images/pacsunbomber.jpg', 10),
(6, 'Nike AirMax 90\'s', 'http://arianaad.com/aau/wnm608/adili.ariana/productlist.php', 295.00, 150.00, 'Shoes', 'White ', '11.5', 'Low top silhouette with a padded collar and unit in-heel for extra comfort and support.  ', 'images/whitenikes.jpg', 'images/whitenikes.jpg', 10),
(7, 'Forever21 bomber jacket', 'http://arianaad.com/aau/wnm608/adili.ariana/productlist.php', 100.00, 75.00, 'Jacket', 'Black', 'Large ', 'Puff-sleeved jacket suitable for every day wear.', 'images/blackforever21jacket.jpg', 'images/blackforever21jacket.jpg', 10),
(8, 'Adidas Ultra Boost', 'http://arianaad.com/aau/wnm608/adili.ariana/productlist.php', 225.00, 125.00, 'Shoes', 'Grey', '12', 'Soft and lightweight sneakers perfect for getting around. Target support in your forefoot and heel to keep you comfortable all day. ', 'images/greyultraboosts.jpg', 'images/greyultraboosts.jpg', 10),
(9, 'H&M button-up ', 'http://arianaad.com/aau/wnm608/adili.ariana/productlist.php', 59.99, 30.00, 'Shirts', 'Brown', 'Large', 'Long-sleeve and plaid shirt with adjustable buttons at the cuffs. Slim fit for a tailored silhouette. ', 'images/plaidshirt.jpg', 'images/plaidshirt.jpg', 10),
(10, 'Calvin Klein knit sweater', 'http://arianaad.com/aau/wnm608/adili.ariana/productlist.php', 80.00, 45.00, 'Shirts', 'Grey', 'Medium ', 'Soft knit sweater with long sleeves, dropped shoulders and soft rolled edges along the hem and neckline. ', 'images/calvinklein.jpg', 'images/calvinklein.jpg', 10),
(11, 'Nike windbreaker ', 'http://arianaad.com/aau/wnm608/adili.ariana/productlist.php', 115.00, 90.00, 'Jackets', 'White and grey', 'Large ', 'Lightweight windbreaker with water-resistant material. ', 'images/whitenikejacket.jpg', 'images/whitenikejacket.jpg', 10);

-- --------------------------------------------------------

--
-- Table structure for table `test`
--

CREATE TABLE `test` (
  `id` int(13) NOT NULL,
  `name` varchar(64) NOT NULL,
  `email` varchar(128) NOT NULL,
  `url` varchar(256) NOT NULL,
  `price` decimal(10,2) NOT NULL,
  `category` varchar(16) NOT NULL,
  `date_create` datetime NOT NULL,
  `date_modify` datetime NOT NULL,
  `description` text NOT NULL,
  `thumbnail` varchar(128) NOT NULL,
  `images` varchar(256) NOT NULL
) ENGINE=MyISAM DEFAULT CHARSET=latin1;

--
-- Dumping data for table `test`
--

INSERT INTO `test` (`id`, `name`, `email`, `url`, `price`, `category`, `date_create`, `date_modify`, `description`, `thumbnail`, `images`) VALUES
(1, 'nike jacket', 'aadili243@gmail.com', 'http://arianaad.com', 12.30, 'fruit', '2020-04-07 14:47:59', '2020-04-07 14:47:59', 'Fitted windbreaker jacket.', 'images/nikejacket_thumbnail.jpeg', ''),
(2, 'Adidas shoes', 'aadili243@gmail.com', 'http://arianaad.cojm', 50.00, 'shoes', '2020-04-07 14:49:44', '2020-04-07 14:49:44', 'Casual adidas sneakers.', 'adidassneakers_thumbnail.jpeg', '');

-- --------------------------------------------------------

--
-- Table structure for table `track_animals`
--

CREATE TABLE `track_animals` (
  `id` int(11) NOT NULL,
  `user_id` int(11) NOT NULL,
  `name` varchar(64) NOT NULL,
  `breed` varchar(64) NOT NULL,
  `gender` varchar(32) NOT NULL,
  `size` varchar(11) NOT NULL,
  `description` text NOT NULL,
  `img` varchar(256) NOT NULL,
  `date_create` datetime NOT NULL
) ENGINE=MyISAM DEFAULT CHARSET=latin1;

--
-- Dumping data for table `track_animals`
--

INSERT INTO `track_animals` (`id`, `user_id`, `name`, `breed`, `gender`, `size`, `description`, `img`, `date_create`) VALUES
(1, 1, 'Leticia', 'Golden Retriever', 'Female', 'Small', 'Tempor laborum velit culpa enim. Culpa Lorem aliqua incididunt fugiat consequat ex elit ea incididunt ullamco duis. Proident nulla dolore fugiat irure sunt pariatur culpa magna non ullamco pariatur anim tempor est. Qui laboris adipisicing quis sunt dolor esse ad consectetur officia.\r\n\n', 'https://via.placeholder.com/400/776/fff/?text=Leticia', '2020-03-16 01:04:15'),
(2, 9, 'Tia', 'Golden Retriever', 'Male', 'Large', 'Enim qui sint anim adipisicing qui sit duis eu. Aute veniam officia ex in minim aute proident nulla. Ad sunt irure velit ut fugiat aliquip deserunt veniam et in labore magna ut officia. Magna pariatur esse in pariatur eu irure magna. Minim proident ad incididunt duis tempor consectetur magna consectetur reprehenderit enim elit.\r\n\n', 'https://via.placeholder.com/400/769/fff/?text=Tia', '2020-04-01 04:22:43'),
(3, 5, 'Jenna', 'Golden Doodle', 'Female', 'Large', 'Consequat nostrud sint exercitation nostrud ex sit velit Lorem. Laborum occaecat veniam laboris eiusmod ullamco labore mollit mollit fugiat excepteur fugiat esse veniam occaecat. Nisi minim voluptate aliquip elit est est et tempor excepteur ea nostrud deserunt proident. Culpa do eu minim pariatur commodo aliqua. Laborum non incididunt Lorem deserunt sit ut exercitation laborum elit excepteur aute nisi pariatur enim. Exercitation commodo culpa laboris officia minim. Aute eiusmod ex ullamco id dolor.\r\n\n', 'https://via.placeholder.com/400/731/fff/?text=Jenna', '2020-01-26 06:01:59'),
(4, 3, 'Watson', 'Bichon Frise', 'Female', 'Large', 'Aliqua magna labore elit est anim minim pariatur aliquip incididunt. Do cillum incididunt ad duis laboris sit duis veniam. Laboris ex dolore commodo ex ipsum pariatur enim est commodo officia consequat. Voluptate veniam duis duis et ut est proident elit fugiat velit voluptate excepteur. Qui sunt incididunt ex sint qui amet do non consequat proident in dolore fugiat quis. Sunt sint minim cupidatat irure culpa ex deserunt. Aute do mollit voluptate esse exercitation nisi ad Lorem ipsum commodo qui laboris sint.\r\n\n', 'https://via.placeholder.com/400/828/fff/?text=Watson', '2020-08-16 01:47:01'),
(5, 1, 'Miles', 'Dalmation', 'Male', 'Small', 'Duis nostrud id consectetur est anim nulla esse nostrud culpa cupidatat eiusmod. Non elit nostrud quis quis duis excepteur enim quis. Ad voluptate sit esse enim ut. Ea deserunt eu dolore sit dolore labore do aliquip ipsum deserunt deserunt.\r\n\n', 'https://via.placeholder.com/400/989/fff/?text=Miles', '2020-02-23 03:44:32'),
(6, 9, 'Hester', 'Bichon Frise', 'Female', 'Small', 'Magna sint incididunt consequat nisi nisi pariatur do nulla nulla velit sunt. Velit excepteur sit cupidatat tempor consequat. Ipsum ut exercitation eiusmod magna magna consequat nostrud ullamco eu pariatur dolor. Dolor laboris dolor proident duis ipsum. Lorem adipisicing elit nostrud enim nisi labore elit nulla id aliquip est ea.\r\n\n', 'https://via.placeholder.com/400/822/fff/?text=Hester', '2020-02-28 09:45:43'),
(7, 3, 'Tillman', 'Corgi', 'Male', 'Small', 'Duis id ullamco exercitation veniam cillum excepteur aliquip enim dolor esse elit. Dolor velit exercitation consectetur ut sint fugiat voluptate ex. Consectetur et elit veniam ullamco non do cupidatat laboris esse sit. Dolor ipsum dolore pariatur enim velit nulla amet ullamco.\r\n\n', 'https://via.placeholder.com/400/753/fff/?text=Tillman', '2020-10-26 03:06:18'),
(8, 2, 'Camacho', 'Bichon Frise', 'Female', 'Medium', 'Duis aliquip ex nisi in laboris. Qui aliquip velit magna aute dolor. Magna elit consequat aliquip non ut ad eiusmod deserunt id duis irure minim. Dolore esse proident in culpa deserunt. Magna occaecat veniam eu commodo do exercitation laborum.\r\n\n', 'https://via.placeholder.com/400/725/fff/?text=Camacho', '2020-01-20 07:31:33'),
(9, 1, 'Terrie', 'Corgi', 'Male', 'Medium', 'Culpa officia magna commodo occaecat sint ipsum. Culpa tempor dolore dolore ullamco laboris. Consequat veniam exercitation ipsum enim ea. Irure nulla proident consequat proident veniam amet velit ut cupidatat eiusmod ad. Ullamco dolore nostrud quis labore sit in mollit incididunt aliquip.\r\n\n', 'https://via.placeholder.com/400/837/fff/?text=Terrie', '2020-11-02 03:34:06'),
(10, 1, 'Lisa', 'Golden Doodle', 'Male', 'Medium', 'Excepteur laboris non nisi ullamco labore ullamco veniam deserunt ullamco voluptate do. Elit incididunt qui exercitation id aliqua pariatur amet elit ullamco sit ullamco aute est sint. Est consequat consectetur anim esse ut incididunt sunt fugiat dolore. Tempor aliquip dolore nostrud culpa do nostrud sit est consectetur. Exercitation consectetur ipsum laboris irure enim fugiat Lorem ea enim anim eu Lorem duis occaecat.\r\n\n', 'https://via.placeholder.com/400/897/fff/?text=Lisa', '2020-07-30 02:40:44'),
(11, 5, 'Dyer', 'Corgi', 'Male', 'Large', 'Magna nostrud qui consectetur dolor excepteur. Dolore in ex Lorem quis amet aute laborum eu magna quis ut deserunt. Aliquip pariatur nisi aute et adipisicing elit tempor reprehenderit.\r\n\n', 'https://via.placeholder.com/400/963/fff/?text=Dyer', '2020-11-15 02:32:39'),
(13, 7, 'Lila', 'Dalmation', 'Female', 'Small', 'Veniam exercitation do cupidatat ipsum cillum est non. Reprehenderit sit mollit ipsum reprehenderit nulla amet id. Quis id ipsum sit ad pariatur in nostrud ad velit commodo deserunt ex. Cupidatat aliqua culpa labore proident nisi deserunt sit quis tempor excepteur.\r\n\n', 'https://via.placeholder.com/400/926/fff/?text=Lila', '2020-02-20 03:04:22'),
(14, 3, 'Spencer', 'Bichon Frise', 'Male', 'Small', 'Occaecat sit aliquip est eiusmod incididunt ut occaecat aliquip veniam labore irure. Nulla anim amet exercitation commodo incididunt dolore magna amet labore veniam ipsum. Pariatur eiusmod amet commodo culpa dolore nulla. Ipsum mollit aliquip eu esse veniam. Fugiat aliqua nostrud culpa anim nostrud nostrud enim anim irure et mollit pariatur sunt. Non reprehenderit labore non laboris aute. Elit culpa veniam laboris voluptate ipsum excepteur ipsum.\r\n\n', 'https://via.placeholder.com/400/863/fff/?text=Spencer', '2020-04-12 08:14:57'),
(15, 8, 'Hurst', 'Golden Doodle', 'Male', 'Large', 'Occaecat irure cillum in fugiat cillum sunt ullamco eu est enim est ullamco. Amet Lorem commodo pariatur veniam laborum nostrud laboris Lorem ea pariatur. Est do eiusmod laborum consectetur adipisicing dolore. Incididunt esse elit enim veniam sunt. Commodo do et veniam do eiusmod duis sint cupidatat irure mollit. Ea Lorem consequat officia magna consectetur sit elit dolor eiusmod proident incididunt mollit.\r\n\n', 'https://via.placeholder.com/400/839/fff/?text=Hurst', '2020-08-02 05:17:49'),
(16, 1, 'Magdalena', 'Golden Retriever', 'Male', 'Small', 'Ut officia quis officia in adipisicing culpa laboris. Adipisicing tempor magna proident ex elit. Aute elit labore culpa occaecat voluptate anim ipsum deserunt. Minim nisi mollit fugiat et sint tempor veniam veniam. Eiusmod amet laboris officia incididunt reprehenderit voluptate. Nisi eu irure consectetur non voluptate sunt exercitation duis ea ea labore veniam. Sint laboris ut duis laboris Lorem voluptate mollit labore Lorem.\r\n\n', 'https://via.placeholder.com/400/802/fff/?text=Magdalena', '2020-02-28 12:40:07'),
(17, 1, 'Susan', 'Corgi', 'Male', 'Small', 'Eu aliqua voluptate esse magna minim eu voluptate. Ea mollit tempor mollit sit. Consectetur ex pariatur et pariatur reprehenderit culpa enim. Sint qui consequat magna enim veniam adipisicing. Laborum quis veniam deserunt irure excepteur magna consequat ad cupidatat minim fugiat nulla reprehenderit non. Aliquip dolore consequat cillum sunt ex velit sint. Mollit adipisicing duis aliquip in nulla proident deserunt cupidatat cillum.\r\n\n', 'https://via.placeholder.com/400/947/fff/?text=Susan', '2020-06-24 04:15:00'),
(18, 8, 'Christi', 'Corgi', 'Female', 'Small', 'Laboris eu nisi irure excepteur proident ea minim qui enim nostrud. Veniam anim fugiat velit voluptate dolor ipsum culpa voluptate laborum amet id ullamco consequat tempor. Minim amet Lorem nulla adipisicing deserunt amet laboris ad voluptate consectetur. Magna id minim ex laboris.\r\n\n', 'https://via.placeholder.com/400/974/fff/?text=Christi', '2020-06-06 08:24:23'),
(19, 1, 'Walsh', 'Dalmation', 'Female', 'Large', 'Dolore ea commodo aliquip qui pariatur anim ex proident magna aute ad labore irure. Incididunt amet labore pariatur sunt adipisicing adipisicing irure ad commodo Lorem occaecat ipsum enim voluptate. Proident cupidatat culpa est elit officia aliqua amet laboris voluptate laboris.\r\n\n', 'https://via.placeholder.com/400/943/fff/?text=Walsh', '2020-01-31 02:35:19'),
(54, 3, 'Coco', 'Corgi', 'Male', 'Small', 'Location in Lafeytte Park, playing fetch', 'https://via.placeholder.com/400/?text=ANIMAL', '2020-12-15 14:05:10'),
(21, 8, 'Hill', 'Bichon Frise', 'Female', 'Small', 'Incididunt irure fugiat quis reprehenderit ad incididunt sunt. Excepteur adipisicing excepteur adipisicing sint duis. Amet nisi deserunt ex adipisicing est enim enim laborum. Enim deserunt ipsum labore aliquip id culpa Lorem. Veniam velit in ex aliquip et amet fugiat aliqua in id Lorem.\r\n\n', 'https://via.placeholder.com/400/861/fff/?text=Hill', '2020-04-10 01:31:00'),
(22, 3, 'Keith', 'Dalmation', 'Male', 'Large', 'Ea non amet ullamco aute in nulla ea mollit enim Lorem mollit mollit officia. Qui sint nulla tempor qui officia irure culpa irure ex aliquip adipisicing irure amet. Nisi exercitation ullamco sint et magna proident mollit eu tempor ipsum consectetur laboris et sunt. Aute cupidatat elit laboris veniam cupidatat do incididunt.\r\n\n', 'https://via.placeholder.com/400/936/fff/?text=Keith', '2020-10-28 04:51:41'),
(23, 4, 'Latoya', 'Dalmation', 'Female', 'Large', 'Culpa proident nisi do cillum reprehenderit fugiat ipsum pariatur enim id. Ea aliqua veniam anim excepteur. Id commodo veniam minim ex. Non dolore dolore esse sunt laboris mollit qui excepteur velit laboris. Quis reprehenderit incididunt consequat et nostrud enim id et ipsum aliqua in officia culpa. Nisi reprehenderit qui nostrud commodo reprehenderit irure veniam. Quis adipisicing incididunt nulla ex cupidatat sunt consectetur enim non exercitation aute proident qui.\r\n\n', 'https://via.placeholder.com/400/888/fff/?text=Latoya', '2020-06-29 07:20:08'),
(24, 5, 'Casandra', 'Bichon Frise', 'Male', 'Small', 'Magna do voluptate irure nostrud eiusmod ut eu ad. Anim id mollit commodo ea sint ex minim sint voluptate. Anim consectetur Lorem qui reprehenderit cupidatat culpa ex ex. Excepteur laborum reprehenderit consequat ea veniam commodo esse culpa duis ullamco consequat adipisicing labore et. Ad et excepteur pariatur amet sit minim ex. Ut laboris nulla aliquip voluptate minim sit proident. Ex sit eiusmod enim magna dolor.\r\n\n', 'https://via.placeholder.com/400/988/fff/?text=Casandra', '2020-09-13 10:07:12'),
(25, 10, 'Mooney', 'Corgi', 'Male', 'Medium', 'Irure Lorem adipisicing reprehenderit culpa enim. Consequat cillum amet aliqua minim ea quis proident tempor veniam in ullamco consectetur sunt. Cupidatat elit tempor irure minim labore minim Lorem consequat amet ea magna laboris do. Do cillum magna voluptate do ut aliqua. Magna ad exercitation cillum qui ea aliquip nostrud aute cupidatat elit ullamco ea duis exercitation. In irure nisi laboris nisi mollit ad aliquip laboris ea officia dolore velit culpa. Excepteur non dolor dolor dolore sint labore.\r\n\n', 'https://via.placeholder.com/400/889/fff/?text=Mooney', '2020-09-21 05:12:36'),
(26, 2, 'Harris', 'Golden Retriever', 'Female', 'Large', 'Ullamco consectetur laboris voluptate Lorem proident culpa irure velit veniam. Culpa cupidatat minim tempor nisi cillum magna id mollit ea laboris aliquip consectetur. Nostrud dolore voluptate ex officia in occaecat. Ad ipsum excepteur est elit ea culpa nisi velit commodo laboris fugiat magna quis. Labore velit ut id exercitation consectetur. Aliquip qui nostrud non anim occaecat quis esse adipisicing irure excepteur sunt.\r\n\n', 'https://via.placeholder.com/400/822/fff/?text=Harris', '2020-02-13 05:32:38'),
(27, 9, 'Tania', 'Dalmation', 'Female', 'Medium', 'Dolor exercitation elit elit Lorem labore dolor sunt consequat exercitation minim et. Eiusmod id culpa mollit occaecat consequat officia qui ex consectetur Lorem. Pariatur eu ad Lorem voluptate magna Lorem. Exercitation qui elit exercitation fugiat et minim non consequat. Qui minim culpa cillum nisi ullamco elit veniam eu ut non quis ad culpa. Deserunt nulla veniam officia aute aliqua et quis labore ullamco duis duis. Occaecat et irure excepteur sint consequat mollit aute ut.\r\n\n', 'https://via.placeholder.com/400/960/fff/?text=Tania', '2020-10-31 01:19:43'),
(28, 4, 'Pierce', 'Golden Retriever', 'Female', 'Medium', 'Exercitation et laborum enim proident in. Pariatur et elit veniam pariatur duis culpa duis dolor enim quis. Laborum dolore cillum adipisicing proident deserunt esse do mollit.\r\n\n', 'https://via.placeholder.com/400/737/fff/?text=Pierce', '2020-01-13 08:53:59'),
(29, 9, 'Mattie', 'Golden Doodle', 'Male', 'Large', 'Non eu aute laboris quis sint id tempor sunt excepteur ullamco proident consequat. Commodo magna veniam consequat magna ad. Ad et laborum amet mollit ex enim anim. Laborum amet et ea deserunt irure. Cupidatat tempor occaecat aute duis ipsum in voluptate quis nisi do ex culpa. Mollit ut cupidatat qui dolor ad officia sint. Eu voluptate excepteur eu cupidatat ullamco consequat dolore magna fugiat.\r\n\n', 'https://via.placeholder.com/400/783/fff/?text=Mattie', '2020-04-28 10:01:26'),
(30, 8, 'Ortiz', 'Bichon Frise', 'Female', 'Small', 'Veniam commodo duis laborum laborum ut duis aliqua incididunt enim reprehenderit magna consectetur occaecat incididunt. Exercitation mollit ea proident pariatur duis incididunt mollit dolor aute dolor reprehenderit labore aliqua enim. Est veniam ea excepteur do ut ut. Dolore mollit exercitation reprehenderit anim irure non incididunt amet non tempor dolore. Eiusmod ad cupidatat ut nostrud veniam irure esse.\r\n\n', 'https://via.placeholder.com/400/812/fff/?text=Ortiz', '2020-10-16 06:04:58'),
(31, 8, 'Catherine', 'Bichon Frise', 'Male', 'Large', 'Aliquip sunt sint incididunt exercitation adipisicing et laborum esse. Proident deserunt tempor esse labore labore. Fugiat nisi id tempor dolor in laborum enim nisi quis. Aliqua commodo mollit duis adipisicing aliqua aliqua veniam pariatur eu cillum incididunt. Aliqua labore sit voluptate ipsum est ea aute consectetur eu eu veniam velit.\r\n\n', 'https://via.placeholder.com/400/741/fff/?text=Catherine', '2020-07-20 03:11:19'),
(32, 5, 'Luz', 'Corgi', 'Female', 'Medium', 'Fugiat nulla aliquip elit anim eiusmod consectetur id. Magna nulla dolore culpa nostrud adipisicing consectetur enim sunt sunt. Culpa voluptate ea nostrud fugiat excepteur consequat velit.\r\n\n', 'https://via.placeholder.com/400/903/fff/?text=Luz', '2020-08-11 06:28:15'),
(33, 9, 'Owen', 'Corgi', 'Male', 'Small', 'Tempor incididunt esse fugiat exercitation elit qui sint qui dolor ut culpa sit. Labore ex non est anim consequat exercitation veniam anim. Cillum commodo voluptate culpa dolor minim nostrud amet sit officia enim proident fugiat.\r\n\n', 'https://via.placeholder.com/400/939/fff/?text=Owen', '2020-07-08 01:27:52'),
(34, 10, 'Collier', 'Corgi', 'Male', 'Large', 'Quis deserunt elit mollit elit do. Excepteur laboris veniam sint nostrud. Quis dolore dolore duis irure ipsum est magna irure. Dolor officia veniam ullamco laborum et sit ut. Consectetur exercitation nostrud cillum ipsum. Veniam reprehenderit duis consequat anim excepteur cillum id ea. Velit deserunt nostrud consequat est ea pariatur dolor commodo tempor.\r\n\n', 'https://via.placeholder.com/400/948/fff/?text=Collier', '2020-11-06 06:57:47'),
(35, 3, 'Nell', 'Dalmation', 'Female', 'Medium', 'Mollit esse sunt ad ea velit reprehenderit tempor do eiusmod. Nisi elit ex voluptate ullamco aliquip ex adipisicing anim consequat occaecat in tempor. Dolore anim ut ad Lorem non non veniam duis laborum velit laboris quis. Culpa labore et excepteur voluptate eiusmod ullamco aliqua occaecat qui aute ad nisi. Sint ex laborum eu in velit dolor tempor irure. Fugiat qui occaecat occaecat amet tempor.\r\n\n', 'https://via.placeholder.com/400/921/fff/?text=Nell', '2020-02-23 02:58:23'),
(36, 2, 'Katrina', 'Dalmation', 'Male', 'Small', 'Do est enim ullamco proident voluptate aute irure ad est exercitation tempor amet. Pariatur incididunt magna duis aliqua elit adipisicing occaecat dolor mollit cupidatat consectetur qui. Consectetur tempor minim nostrud duis sint velit ea commodo voluptate tempor voluptate. Consequat sint adipisicing laboris eu ex.\r\n\n', 'https://via.placeholder.com/400/780/fff/?text=Katrina', '2020-01-04 12:28:51'),
(37, 7, 'Leslie', 'Corgi', 'Male', 'Medium', 'Aute fugiat est minim aliqua voluptate pariatur. Ipsum duis esse enim dolore dolor incididunt sint sunt ad ad. Exercitation culpa ea qui sunt occaecat culpa do proident ut ut Lorem in incididunt. Id consequat aliqua sunt pariatur exercitation non consequat qui. Dolor enim et in duis excepteur aute consequat cillum anim minim.\r\n\n', 'https://via.placeholder.com/400/985/fff/?text=Leslie', '2020-02-25 01:29:23'),
(38, 3, 'Bridges', 'Golden Retriever', 'Female', 'Large', 'Minim exercitation pariatur nisi ex fugiat. Ex tempor ad consequat sint qui cillum est do irure elit veniam cillum fugiat. Dolor est in dolore pariatur nostrud amet in nulla ex quis veniam labore. Labore enim reprehenderit sit cupidatat ipsum laborum cillum. Eiusmod officia dolore nulla officia pariatur minim in ipsum.\r\n\n', 'https://via.placeholder.com/400/865/fff/?text=Bridges', '2020-09-01 03:21:06'),
(39, 8, 'Rochelle', 'Golden Retriever', 'Female', 'Large', 'Irure est adipisicing voluptate cillum labore magna. Voluptate est dolor culpa ullamco Lorem aliqua laborum laboris commodo excepteur. Enim et nisi incididunt Lorem proident ea eiusmod cillum consectetur cillum esse esse ea. Occaecat aute est veniam elit consequat duis cupidatat esse minim pariatur irure id non est. Eiusmod aliquip reprehenderit occaecat nostrud pariatur aliqua ut minim ipsum.\r\n\n', 'https://via.placeholder.com/400/791/fff/?text=Rochelle', '2020-03-21 08:05:10'),
(40, 3, 'Francis', 'Golden Retriever', 'Male', 'Large', 'Veniam quis culpa mollit nisi sint consequat ex irure. Aliquip laborum eu occaecat quis ex mollit veniam nostrud mollit. Qui minim anim deserunt deserunt id veniam. Elit cillum aute excepteur do eiusmod aliqua ad.\r\n\n', 'https://via.placeholder.com/400/779/fff/?text=Francis', '2020-06-22 10:58:43'),
(41, 9, 'Summer', 'Golden Retriever', 'Male', 'Small', 'Incididunt sit ut occaecat Lorem tempor mollit nulla nostrud cillum eiusmod nisi. Velit adipisicing nulla cupidatat adipisicing. Proident aute irure do aliquip aliquip laboris magna non amet veniam excepteur. Mollit culpa duis culpa ad dolor consequat.\r\n\n', 'https://via.placeholder.com/400/857/fff/?text=Summer', '2020-04-22 02:54:04'),
(42, 5, 'Hess', 'Bichon Frise', 'Female', 'Large', 'Ipsum minim cillum velit esse. Culpa amet occaecat ad officia aute nostrud commodo ea esse. Eiusmod do nulla minim deserunt. Laboris est in sunt reprehenderit consectetur consectetur cupidatat. Voluptate officia culpa laborum Lorem consequat dolor anim.\r\n\n', 'https://via.placeholder.com/400/795/fff/?text=Hess', '2020-02-22 05:31:19'),
(43, 7, 'Margo', 'Corgi', 'Male', 'Small', 'Sunt occaecat eiusmod cupidatat occaecat excepteur. Sit ex occaecat aliqua consequat. Lorem aute est esse mollit pariatur consectetur et enim voluptate duis culpa aliquip ut consectetur. Et ipsum ullamco velit commodo. Ipsum laboris mollit velit minim. Enim excepteur nostrud tempor tempor aute esse cillum sint nulla laborum Lorem ut. Tempor proident dolore qui aliquip.\r\n\n', 'https://via.placeholder.com/400/817/fff/?text=Margo', '2020-03-18 09:23:22'),
(44, 10, 'Lucinda', 'Dalmation', 'Female', 'Small', 'Velit fugiat culpa veniam eu sunt ut minim laborum laboris excepteur adipisicing fugiat dolor. Esse qui voluptate veniam eiusmod magna aliquip laborum voluptate ex eiusmod amet. Et exercitation commodo velit do cupidatat. Commodo eu laboris ex occaecat commodo sint culpa do nostrud non ipsum consequat officia adipisicing. Elit irure tempor esse anim nostrud consectetur aliquip. Id qui est incididunt pariatur. Officia cupidatat labore magna reprehenderit tempor velit exercitation ullamco esse aute pariatur pariatur dolore officia.\r\n\n', 'https://via.placeholder.com/400/926/fff/?text=Lucinda', '2020-11-13 09:43:16'),
(45, 6, 'Tate', 'Dalmation', 'Female', 'Small', 'Exercitation aliqua eiusmod non qui fugiat fugiat proident ut nisi aliquip. Nostrud voluptate elit enim sint amet cupidatat consectetur veniam sunt amet. Consequat sunt amet eu culpa voluptate velit amet. Excepteur in ea in ut nisi labore non. Ullamco officia amet non non proident labore ad aliquip Lorem proident cupidatat nulla occaecat dolore. Deserunt labore ad ipsum ad consequat veniam minim amet ad labore do laboris.\r\n\n', 'https://via.placeholder.com/400/951/fff/?text=Tate', '2020-04-03 11:05:57'),
(46, 7, 'King', 'Bichon Frise', 'Female', 'Medium', 'Est proident incididunt nulla amet. Ad occaecat non incididunt excepteur consectetur. Dolor consequat ut minim duis consectetur fugiat cillum elit ex nisi exercitation officia magna. Tempor aliquip elit deserunt anim eu enim pariatur. Magna eu nisi ad voluptate laborum dolor ea. Est cillum cupidatat quis dolore deserunt ea nisi sint adipisicing veniam magna aliqua nisi elit. In cillum enim laboris officia.\r\n\n', 'https://via.placeholder.com/400/715/fff/?text=King', '2020-03-13 03:46:28'),
(47, 9, 'May', 'Golden Retriever', 'Male', 'Large', 'Officia velit id consequat labore nostrud nisi. Laboris Lorem ullamco duis duis aute ullamco eu pariatur duis qui anim anim sint. Irure excepteur amet nisi deserunt dolore proident consequat.\r\n\n', 'https://via.placeholder.com/400/715/fff/?text=May', '2020-05-08 02:11:49'),
(48, 7, 'Mcgee', 'Dalmation', 'Male', 'Small', 'Fugiat dolore velit sint consectetur mollit Lorem. Quis minim elit pariatur proident. Laboris dolor cupidatat exercitation voluptate fugiat. Voluptate pariatur exercitation et nulla sunt enim sunt non Lorem voluptate excepteur ea culpa. Nostrud id est voluptate est id occaecat adipisicing consequat.\r\n\n', 'https://via.placeholder.com/400/795/fff/?text=Mcgee', '2020-07-06 10:14:11'),
(49, 1, 'Leta', 'Bichon Frise', 'Female', 'Small', 'Voluptate veniam et amet irure commodo tempor dolor et. Aute sit enim minim do reprehenderit culpa quis enim adipisicing non ullamco labore. Do amet incididunt quis aliquip eiusmod Lorem.\r\n\n', 'https://via.placeholder.com/400/975/fff/?text=Leta', '2020-02-04 09:11:22'),
(50, 5, 'Chan', 'Corgi', 'Female', 'Small', 'Non nulla ut cupidatat laborum aliquip ut velit ea id magna nulla. Culpa minim sint amet consectetur ipsum ullamco incididunt dolor veniam. Fugiat culpa occaecat do ullamco cupidatat ullamco ad esse commodo magna non anim culpa ipsum. Quis adipisicing ex labore sit commodo do aliqua ea laborum aute minim do enim.\r\n\n', 'https://via.placeholder.com/400/842/fff/?text=Chan', '2020-05-30 06:56:57');

-- --------------------------------------------------------

--
-- Table structure for table `track_locations`
--

CREATE TABLE `track_locations` (
  `id` int(11) NOT NULL,
  `animal_id` int(11) NOT NULL,
  `lat` decimal(9,6) NOT NULL,
  `lng` decimal(9,6) NOT NULL,
  `description` text NOT NULL,
  `img` varchar(256) NOT NULL,
  `date_create` datetime NOT NULL
) ENGINE=MyISAM DEFAULT CHARSET=latin1;

--
-- Dumping data for table `track_locations`
--

INSERT INTO `track_locations` (`id`, `animal_id`, `lat`, `lng`, `description`, `img`, `date_create`) VALUES
(1, 2, 37.717261, -122.487517, 'Et non est eiusmod anim veniam. Commodo esse aliqua deserunt ullamco nisi pariatur aute occaecat. Ea minim veniam ut proident excepteur exercitation. Aliqua do id cupidatat non sit elit duis culpa reprehenderit et. Consectetur excepteur cupidatat non reprehenderit occaecat sit aliqua sint aute eu voluptate proident.\r\n\n', 'https://via.placeholder.com/400/817/fff/?text=undefined', '2020-06-23 11:11:24'),
(2, 4, 37.758281, -122.379049, 'Incididunt sit consectetur proident Lorem occaecat consectetur tempor adipisicing adipisicing culpa eu proident quis. Sunt ea consequat occaecat velit et officia duis. Esse minim irure velit fugiat enim veniam cupidatat consectetur. Do eu tempor veniam incididunt minim sint ullamco id ea ad quis non.\r\n\n', 'https://via.placeholder.com/400/759/fff/?text=undefined', '2020-01-25 10:06:45'),
(3, 5, 37.709541, -122.419710, 'Veniam tempor laboris exercitation esse est ipsum sint est laborum quis. Anim non laboris et sint minim velit occaecat labore culpa officia officia id enim minim. Sunt minim adipisicing qui consequat amet irure magna.\r\n\n', 'https://via.placeholder.com/400/960/fff/?text=undefined', '2020-06-16 01:38:21'),
(4, 5, 37.717699, -122.510423, 'Nulla sint tempor sint dolor sint sint nisi minim. Irure nisi culpa duis est enim. Consequat aliquip veniam excepteur nulla officia magna qui.\r\n\n', 'https://via.placeholder.com/400/730/fff/?text=undefined', '2020-02-20 05:12:50'),
(5, 7, 37.760796, -122.457046, 'Sint in eu sit duis. Sit ipsum deserunt eiusmod nisi. Labore cillum cillum amet duis minim dolor laboris exercitation. Excepteur velit dolor dolore irure tempor fugiat non tempor fugiat. Minim nostrud cupidatat irure laboris eu aliqua in qui incididunt sunt quis ex. Sint consectetur occaecat enim commodo aliquip.\r\n\n', 'https://via.placeholder.com/400/905/fff/?text=undefined', '2020-09-12 06:52:26'),
(6, 5, 37.767921, -122.444625, 'Nostrud excepteur adipisicing sint proident velit elit ut quis ipsum eiusmod. Tempor elit anim sit est. Quis tempor cillum cupidatat elit velit eu aliquip. Sint id et veniam amet qui consequat. Tempor sint ea commodo fugiat pariatur sit.\r\n\n', 'https://via.placeholder.com/400/822/fff/?text=undefined', '2020-01-25 09:13:57'),
(7, 6, 37.787224, -122.430595, 'Nulla excepteur est ullamco exercitation proident laborum amet minim consectetur nostrud elit ad qui dolor. Officia quis eiusmod voluptate in labore sunt mollit qui ullamco occaecat. Fugiat consectetur sit veniam eiusmod incididunt qui magna qui. Ipsum commodo dolore excepteur velit non officia minim consectetur. Minim aliqua ea esse proident esse deserunt quis in Lorem irure commodo ad est. Officia nulla labore elit aliqua cupidatat cillum nisi ad irure cillum est.\r\n\n', 'https://via.placeholder.com/400/707/fff/?text=undefined', '2020-09-04 07:00:58'),
(8, 8, 37.704069, -122.365351, 'Dolor consectetur ut ut adipisicing proident in irure proident enim consequat enim sint. Sint in ea officia mollit minim exercitation officia. Et do adipisicing velit fugiat sit labore sunt nostrud minim ut voluptate magna. Amet tempor in eu tempor. Ex aliqua in in nostrud reprehenderit anim est ea laboris ex dolore eu dolore.\r\n\n', 'https://via.placeholder.com/400/750/fff/?text=undefined', '2020-11-21 04:22:07'),
(9, 4, 37.754857, -122.407478, 'Aliqua pariatur nostrud esse ad irure aute cillum ex mollit. Occaecat fugiat mollit tempor ut ut esse in officia id. Irure occaecat incididunt occaecat incididunt quis nulla do sit ullamco eiusmod.\r\n\n', 'https://via.placeholder.com/400/726/fff/?text=undefined', '2020-09-12 02:25:52'),
(10, 2, 37.712723, -122.417050, 'Adipisicing reprehenderit sit duis incididunt tempor quis magna cupidatat aute Lorem commodo. Sint consequat fugiat qui non eu sint commodo nulla excepteur. Sint velit ex cupidatat reprehenderit cillum culpa in est deserunt enim minim nostrud proident elit.\r\n\n', 'https://via.placeholder.com/400/732/fff/?text=undefined', '2020-04-03 04:04:51'),
(11, 9, 37.720423, -122.492444, 'Voluptate ad officia aliqua in sint proident. Ut minim ex et aliqua mollit minim esse minim commodo. Qui dolor in irure ex. Duis amet ex ex laborum nostrud. Ex excepteur magna veniam adipisicing ipsum mollit sunt in.\r\n\n', 'https://via.placeholder.com/400/973/fff/?text=undefined', '2020-05-27 12:47:42'),
(12, 10, 37.784484, -122.508376, 'Ea anim cillum ex ipsum occaecat ullamco consequat voluptate culpa est eiusmod. Laboris anim nostrud deserunt occaecat proident mollit nulla enim esse eu nulla. Dolor et consequat Lorem officia cillum veniam do veniam nostrud do consequat dolor. Aute ad exercitation cupidatat eu incididunt.\r\n\n', 'https://via.placeholder.com/400/965/fff/?text=undefined', '2020-10-09 02:49:29'),
(13, 8, 37.742617, -122.399212, 'Laboris labore laboris nisi tempor occaecat incididunt aute laboris id labore in. Occaecat ullamco id adipisicing dolor. Qui tempor aliquip irure elit ut mollit sunt fugiat. Aliquip amet laborum cupidatat commodo duis officia amet voluptate consequat. Commodo qui ea commodo cillum et ex in. Et et nisi fugiat cupidatat.\r\n\n', 'https://via.placeholder.com/400/908/fff/?text=undefined', '2020-01-27 01:50:53'),
(14, 4, 37.747539, -122.423439, 'Ipsum dolore deserunt deserunt sunt velit anim in consectetur labore irure. Anim ex Lorem aliqua ipsum nulla reprehenderit. Veniam ullamco culpa officia non ipsum ipsum laboris. Nisi ad ex magna esse officia qui amet ea magna irure et id.\r\n\n', 'https://via.placeholder.com/400/772/fff/?text=undefined', '2020-06-08 11:02:24'),
(15, 9, 37.745807, -122.363389, 'Elit laboris laborum ullamco quis deserunt culpa deserunt aute in consectetur nisi enim aliquip. Anim enim laborum consequat excepteur officia voluptate occaecat duis. Non labore irure nostrud aliquip cillum culpa consectetur aute irure dolore ullamco deserunt quis veniam.\r\n\n', 'https://via.placeholder.com/400/879/fff/?text=undefined', '2020-03-25 12:35:38'),
(16, 8, 37.784618, -122.370421, 'Enim qui do reprehenderit aliqua mollit sint. Tempor quis sit esse consectetur enim excepteur dolor et laboris ipsum. Cupidatat excepteur sit non esse consequat in nulla non. Velit tempor non exercitation culpa. Minim velit anim velit minim mollit pariatur mollit aliqua irure excepteur magna nisi est sint.\r\n\n', 'https://via.placeholder.com/400/878/fff/?text=undefined', '2020-10-21 02:37:28'),
(17, 2, 37.730809, -122.460071, 'Elit ipsum cillum anim fugiat ea anim commodo elit. Ut magna incididunt ea magna officia laborum occaecat ullamco eiusmod est ex quis. Mollit labore sunt amet ullamco laborum aliquip esse in aliqua dolor adipisicing excepteur adipisicing irure. Aute ipsum consectetur tempor esse ea reprehenderit fugiat incididunt elit duis do. Cupidatat sit minim magna reprehenderit ea adipisicing irure consequat officia ex mollit duis. Do voluptate enim dolore ea deserunt culpa minim ullamco eu ex sit enim amet. Ex voluptate culpa aliquip laborum est minim elit id magna.\r\n\n', 'https://via.placeholder.com/400/870/fff/?text=undefined', '2020-11-01 08:16:15'),
(18, 5, 37.724510, -122.507899, 'Exercitation anim Lorem et pariatur commodo elit velit. Mollit ad eu reprehenderit esse voluptate dolore. Excepteur enim mollit consequat incididunt ex laboris culpa consequat. Officia ea consequat nisi deserunt consectetur. Est in consectetur consectetur magna irure voluptate velit.\r\n\n', 'https://via.placeholder.com/400/989/fff/?text=undefined', '2020-04-10 11:17:27'),
(19, 9, 37.722219, -122.444355, 'Voluptate do elit deserunt id sit labore ad incididunt. Do minim esse labore nostrud Lorem ex anim nisi deserunt. Veniam est incididunt sunt eiusmod et sit. Dolore elit consequat irure minim ullamco nisi ea commodo. Minim culpa amet consectetur incididunt. Cupidatat irure proident deserunt nisi elit Lorem. Culpa qui velit pariatur dolor tempor irure eiusmod.\r\n\n', 'https://via.placeholder.com/400/896/fff/?text=undefined', '2020-10-23 05:53:08'),
(20, 5, 37.740702, -122.486294, 'Ad id nisi laborum dolore non. Occaecat irure ut et non incididunt labore ipsum laborum. Fugiat laborum dolore ut ullamco Lorem enim ad culpa cillum dolor est mollit.\r\n\n', 'https://via.placeholder.com/400/719/fff/?text=undefined', '2020-07-29 11:08:11'),
(21, 5, 37.712401, -122.466638, 'Veniam cillum culpa sunt ullamco id. Laborum fugiat ea ipsum incididunt Lorem culpa amet tempor ullamco. Laborum cupidatat enim anim ex sunt pariatur voluptate laborum cillum enim. Incididunt sit culpa est aliqua sunt commodo deserunt ex culpa quis deserunt velit ea. Sit aliquip culpa elit in deserunt officia aliquip consectetur laboris commodo ex. Consectetur exercitation aliquip incididunt magna ipsum nisi.\r\n\n', 'https://via.placeholder.com/400/820/fff/?text=undefined', '2020-01-23 10:57:13'),
(22, 1, 37.780480, -122.514789, 'Velit veniam enim consectetur et laborum amet mollit. Cillum do incididunt nostrud fugiat adipisicing duis reprehenderit excepteur dolor. Culpa ad irure mollit voluptate nulla elit laborum non labore duis reprehenderit. Ex laborum exercitation exercitation et ullamco pariatur Lorem mollit quis nostrud aliquip adipisicing. Incididunt officia commodo id fugiat. Est labore voluptate laborum fugiat Lorem labore laboris. Non enim est eu consequat elit aute excepteur sunt do laborum.\r\n\n', 'https://via.placeholder.com/400/847/fff/?text=undefined', '2020-03-02 05:14:52'),
(23, 1, 37.746403, -122.463197, 'Dolor laborum laboris cupidatat fugiat excepteur magna elit eu. Labore tempor nisi laborum enim cillum sint consectetur nostrud officia nostrud tempor nostrud fugiat anim. Reprehenderit nisi excepteur dolor aute aliqua. Pariatur est pariatur cillum reprehenderit officia.\r\n\n', 'https://via.placeholder.com/400/859/fff/?text=undefined', '2020-10-10 02:25:10'),
(24, 5, 37.753859, -122.387604, 'Deserunt in excepteur et occaecat enim proident enim. Quis nulla amet ullamco ea nostrud fugiat fugiat proident. Nisi nisi mollit elit quis commodo quis magna occaecat laborum incididunt tempor amet ullamco aliqua. Deserunt irure officia sint sint qui do eu deserunt pariatur labore eu.\r\n\n', 'https://via.placeholder.com/400/972/fff/?text=undefined', '2020-09-22 07:51:14'),
(25, 8, 37.793100, -122.444180, 'Anim officia ut veniam deserunt irure labore ipsum quis elit cillum. Lorem et aliquip sit pariatur quis ipsum. Ut voluptate ipsum proident mollit officia qui voluptate occaecat eu enim ullamco. Culpa nostrud ad tempor ipsum. Ut pariatur ut nisi tempor non labore ea ipsum ad est sint eu labore. Cupidatat duis nisi proident ut ad.\r\n\n', 'https://via.placeholder.com/400/882/fff/?text=undefined', '2020-11-14 12:45:09'),
(26, 6, 37.790272, -122.402189, 'Occaecat magna ipsum enim cillum et velit excepteur labore adipisicing ad. Ut do fugiat commodo ipsum aliquip adipisicing enim laboris. Aliquip incididunt ipsum aute dolore. Tempor deserunt quis sint proident. Eu excepteur do ut irure Lorem tempor irure aliquip.\r\n\n', 'https://via.placeholder.com/400/907/fff/?text=undefined', '2020-10-12 04:09:18'),
(27, 10, 37.727440, -122.380891, 'Aliquip minim cupidatat officia enim fugiat excepteur consectetur mollit. Fugiat culpa et occaecat exercitation fugiat est sunt deserunt pariatur. Voluptate est ullamco dolor laboris enim est qui laborum quis id cillum voluptate adipisicing duis. Quis ipsum commodo elit duis velit ullamco ut. Amet ut culpa commodo nisi eu. Laboris duis pariatur amet cupidatat culpa labore laborum cupidatat exercitation sit.\r\n\n', 'https://via.placeholder.com/400/772/fff/?text=undefined', '2020-03-05 01:35:45'),
(28, 5, 37.728077, -122.498161, 'Qui cupidatat mollit ipsum culpa. Officia consectetur et sunt id elit esse minim deserunt labore adipisicing excepteur velit adipisicing exercitation. Anim mollit sit Lorem id dolor aliqua elit excepteur occaecat Lorem sunt cupidatat officia ad. Culpa cupidatat tempor ea sunt ad in in id dolor excepteur pariatur ut. Ea voluptate veniam excepteur qui eu. Quis reprehenderit ea excepteur nisi sint anim esse nostrud culpa duis ea.\r\n\n', 'https://via.placeholder.com/400/739/fff/?text=undefined', '2020-10-14 02:54:31'),
(29, 1, 37.762289, -122.437905, 'Non incididunt ea pariatur consectetur reprehenderit cupidatat labore. Esse do cupidatat nisi in qui laboris reprehenderit. Id minim amet proident enim incididunt ut enim eu enim amet consequat. Ullamco cupidatat ipsum elit ullamco culpa nostrud occaecat nulla.\r\n\n', 'https://via.placeholder.com/400/842/fff/?text=undefined', '2020-02-06 04:31:23'),
(30, 7, 37.792054, -122.459589, 'Amet aliqua dolor id eu nulla cillum proident nisi esse labore in Lorem cupidatat. Eiusmod amet in sit laborum in nostrud cupidatat aliqua do eiusmod irure. Enim exercitation aliqua non consequat commodo proident aute laborum amet mollit reprehenderit tempor duis. Officia esse eiusmod adipisicing elit est cillum.\r\n\n', 'https://via.placeholder.com/400/884/fff/?text=undefined', '2020-10-17 04:24:36'),
(31, 5, 37.738455, -122.485898, 'Sunt ipsum ex deserunt cillum anim mollit Lorem cillum magna excepteur veniam ipsum. Aliqua qui officia nulla reprehenderit. Id anim eu nostrud ullamco. Quis proident non dolor cillum in. Duis voluptate minim nulla ipsum fugiat sint laborum dolore.\r\n\n', 'https://via.placeholder.com/400/735/fff/?text=undefined', '2020-07-06 07:09:43'),
(32, 5, 37.711847, -122.384291, 'Tempor magna nisi cillum fugiat incididunt ullamco est labore nostrud nulla. Tempor voluptate sunt velit ipsum ad do. Voluptate culpa deserunt dolor deserunt culpa culpa nulla cillum do culpa excepteur qui. Labore elit fugiat tempor deserunt consectetur sunt sit ex ullamco nostrud nisi ex consequat esse. Minim sint in labore Lorem tempor esse aliqua exercitation eu ipsum labore consequat.\r\n\n', 'https://via.placeholder.com/400/863/fff/?text=undefined', '2020-07-30 01:16:26'),
(33, 1, 37.752647, -122.509924, 'Esse nulla non reprehenderit ex reprehenderit velit sit laboris commodo ipsum elit. Proident fugiat ea anim exercitation commodo qui nisi nisi et labore est dolore. Lorem qui adipisicing quis fugiat eu ex mollit cillum quis proident. Excepteur ea deserunt non irure ex ad adipisicing magna proident anim. Exercitation consequat non ex nostrud eu cillum.\r\n\n', 'https://via.placeholder.com/400/731/fff/?text=undefined', '2020-09-10 08:29:42'),
(34, 10, 37.722954, -122.491058, 'Consectetur nisi laborum adipisicing eu laborum. Velit ipsum commodo nostrud quis dolor cillum. Ullamco irure consequat laborum fugiat aliqua non duis ut Lorem et duis proident do. Magna culpa ut irure nostrud cillum velit cupidatat et ea.\r\n\n', 'https://via.placeholder.com/400/722/fff/?text=undefined', '2020-03-04 10:42:45'),
(35, 10, 37.724705, -122.373292, 'Aliqua ut culpa tempor anim pariatur veniam dolor quis minim qui pariatur. Cupidatat adipisicing in reprehenderit voluptate in consectetur aute proident. Officia officia excepteur est reprehenderit do et exercitation est deserunt ad. Dolor tempor ea ullamco laboris ullamco minim.\r\n\n', 'https://via.placeholder.com/400/839/fff/?text=undefined', '2020-06-30 01:45:13'),
(36, 9, 37.706340, -122.429956, 'Exercitation elit eu labore ex deserunt esse mollit ea deserunt. Anim labore do veniam reprehenderit et est exercitation enim nulla. Incididunt excepteur elit enim ullamco ex cupidatat Lorem incididunt ipsum tempor aliqua officia. Est duis veniam velit ipsum laboris deserunt. Fugiat irure reprehenderit aliquip est officia occaecat commodo aliquip veniam deserunt consectetur commodo aliqua exercitation. Adipisicing eu ut laboris eu ex consequat sunt incididunt consectetur dolor minim. Ullamco cupidatat adipisicing ea Lorem occaecat quis elit irure sunt nostrud sint ut deserunt amet.\r\n\n', 'https://via.placeholder.com/400/813/fff/?text=undefined', '2020-03-18 02:48:26'),
(37, 7, 37.738303, -122.493846, 'Incididunt et consectetur Lorem ex. Tempor fugiat tempor qui ullamco eu nulla deserunt. Aute occaecat nulla elit ut et quis. Lorem adipisicing voluptate proident elit nisi esse. Nostrud nulla ullamco fugiat elit aliquip. Irure velit ullamco reprehenderit aliquip excepteur laborum officia est. Id commodo culpa mollit commodo reprehenderit non.\r\n\n', 'https://via.placeholder.com/400/941/fff/?text=undefined', '2020-07-31 03:43:00'),
(38, 1, 37.743428, -122.363354, 'Eiusmod cillum veniam adipisicing occaecat exercitation ipsum elit non dolore dolore aute magna. Aute aliquip sit anim velit et fugiat nulla ullamco nostrud qui tempor culpa Lorem occaecat. Irure sint irure aliqua mollit duis in labore.\r\n\n', 'https://via.placeholder.com/400/974/fff/?text=undefined', '2020-04-26 02:29:32'),
(39, 1, 37.712770, -122.525888, 'Sit commodo fugiat est minim ullamco ut esse et veniam nisi. Sunt adipisicing velit aute proident tempor aliquip. Incididunt cillum esse deserunt occaecat veniam eu esse non. Enim ut velit commodo commodo consectetur commodo mollit in pariatur.\r\n\n', 'https://via.placeholder.com/400/998/fff/?text=undefined', '2020-05-23 05:23:35'),
(40, 5, 37.747836, -122.466816, 'Non nostrud pariatur sit amet esse ea consectetur qui et esse. Irure commodo velit deserunt sit id proident ad ipsum nostrud. Incididunt est amet sit cupidatat sint ad laborum non elit ad ad dolor qui cupidatat. Exercitation non laborum esse ullamco sint ullamco. Est irure culpa laborum non aliquip ut occaecat. Proident commodo et laboris dolore nisi occaecat irure.\r\n\n', 'https://via.placeholder.com/400/882/fff/?text=undefined', '2020-08-13 10:05:54'),
(41, 5, 37.740838, -122.394027, 'Ipsum laborum esse ea nostrud. In anim esse irure cillum. Sunt do sunt ullamco reprehenderit tempor aliquip esse eiusmod nostrud deserunt incididunt elit qui. Duis laboris ad adipisicing ut commodo velit duis nostrud id aliqua culpa aliquip magna velit.\r\n\n', 'https://via.placeholder.com/400/720/fff/?text=undefined', '2020-06-05 02:47:31'),
(42, 5, 37.707810, -122.366186, 'Irure duis tempor minim excepteur. Magna veniam eiusmod veniam elit nulla aliqua sunt id duis anim aliqua aute enim. Ullamco amet cillum consectetur nisi id deserunt laborum ea incididunt do veniam in.\r\n\n', 'https://via.placeholder.com/400/700/fff/?text=undefined', '2020-10-29 02:12:40'),
(43, 6, 37.765095, -122.435268, 'Ea laboris ea labore et pariatur proident ullamco id esse minim. Nostrud ut do dolor do anim eu ullamco reprehenderit laboris fugiat sunt cupidatat dolor. Mollit non labore ex do aliqua sit dolore fugiat ex cupidatat ea.\r\n\n', 'https://via.placeholder.com/400/851/fff/?text=undefined', '2020-06-04 01:40:12'),
(44, 10, 37.746483, -122.445905, 'Mollit do aliquip excepteur officia eu cupidatat pariatur esse est mollit enim et sint. Magna officia aliqua labore qui laborum labore ex sint amet voluptate deserunt fugiat. Aute deserunt nostrud ullamco nostrud non aute est eiusmod amet laborum voluptate deserunt reprehenderit commodo. Id consectetur officia veniam id voluptate non ipsum anim anim nulla excepteur labore fugiat in. Culpa mollit ex duis esse magna culpa voluptate laborum ea. Nulla aliquip occaecat excepteur sint non consectetur consectetur dolore dolore eiusmod sint deserunt pariatur sunt.\r\n\n', 'https://via.placeholder.com/400/827/fff/?text=undefined', '2020-11-17 09:40:49'),
(45, 8, 37.768686, -122.476685, 'Culpa qui nisi aliqua pariatur aliqua dolore. Nostrud eiusmod nostrud consequat labore incididunt officia exercitation. Ut eu reprehenderit cillum quis. Nostrud commodo Lorem commodo occaecat exercitation qui. Consequat consectetur ipsum commodo labore. Proident id irure labore eiusmod ullamco sit fugiat aute cillum est. Nostrud exercitation ipsum aute aute magna mollit officia culpa reprehenderit.\r\n\n', 'https://via.placeholder.com/400/948/fff/?text=undefined', '2020-07-27 04:25:02'),
(46, 1, 37.727353, -122.463982, 'Reprehenderit cupidatat nisi exercitation veniam labore laborum exercitation velit nulla aliqua dolore dolor commodo. Labore culpa duis aute laboris qui duis pariatur ut in consectetur amet cupidatat commodo. Proident commodo veniam nisi laboris laboris duis tempor sit adipisicing id. Elit officia aute laboris consectetur sit dolor. Veniam non ullamco quis est. Reprehenderit nisi cillum excepteur aliquip ea.\r\n\n', 'https://via.placeholder.com/400/713/fff/?text=undefined', '2020-10-21 04:11:08'),
(47, 1, 37.790954, -122.425433, 'Magna consectetur voluptate et duis nulla dolore mollit labore non occaecat tempor aute ut. Tempor minim nulla id eiusmod aliquip. Elit ipsum officia commodo Lorem dolore cillum nisi. Nostrud consequat aute elit fugiat dolore et. Consectetur eiusmod dolore culpa in. Occaecat et est ea et aute do ullamco consectetur velit est. Tempor cupidatat tempor in qui excepteur consectetur laborum voluptate dolore voluptate ut dolore ex nulla.\r\n\n', 'https://via.placeholder.com/400/871/fff/?text=undefined', '2020-04-06 01:45:05'),
(48, 8, 37.739870, -122.523211, 'Adipisicing do fugiat nostrud incididunt consectetur incididunt non deserunt reprehenderit do anim cillum. Culpa occaecat ut tempor consectetur ut non occaecat velit velit. Et anim culpa minim ipsum sint consectetur non et elit voluptate cupidatat labore reprehenderit non. Mollit eiusmod voluptate sit excepteur veniam sunt incididunt. Cillum velit magna voluptate consequat cillum tempor irure laborum ea labore in.\r\n\n', 'https://via.placeholder.com/400/875/fff/?text=undefined', '2020-07-20 09:18:38'),
(49, 3, 37.780418, -122.511441, 'Ex reprehenderit tempor aliqua labore sunt enim proident sint officia. Cupidatat non et esse laboris Lorem nulla quis voluptate nulla reprehenderit velit proident aliqua tempor. Sint duis occaecat non id exercitation voluptate ullamco. Commodo aliquip fugiat irure dolor laborum mollit ut nostrud sit ipsum cupidatat Lorem id.\r\n\n', 'https://via.placeholder.com/400/845/fff/?text=undefined', '2020-04-13 10:06:50'),
(50, 2, 37.701870, -122.467267, 'Culpa exercitation enim cupidatat sit ad. Nulla labore exercitation et ex irure elit ad in tempor nostrud nulla labore voluptate. Occaecat do mollit quis sint deserunt do duis nostrud et ullamco labore.\r\n\n', 'https://via.placeholder.com/400/915/fff/?text=undefined', '2020-03-12 07:44:22'),
(51, 2, 37.737293, -122.435340, 'Esse excepteur reprehenderit aliquip sunt voluptate aliquip pariatur est pariatur. Excepteur magna labore labore aliqua ea deserunt eu cillum officia. Fugiat minim occaecat pariatur duis ipsum.\r\n\n', 'https://via.placeholder.com/400/831/fff/?text=undefined', '2020-01-27 07:34:34'),
(52, 10, 37.713813, -122.451736, 'Quis est nulla Lorem deserunt voluptate do esse nisi aute. Dolor magna cupidatat anim dolor occaecat laborum. Dolore dolor est consequat eu nulla sit in. Proident veniam aute esse deserunt velit voluptate magna proident amet nisi aliquip aliqua occaecat. Eiusmod dolor id eiusmod Lorem id.\r\n\n', 'https://via.placeholder.com/400/834/fff/?text=undefined', '2020-03-26 09:38:57'),
(53, 6, 37.783493, -122.429230, 'Aliqua mollit quis ad id mollit tempor amet nulla culpa proident excepteur deserunt. Cupidatat exercitation excepteur ex ea consequat. Consequat nulla ut id irure anim minim adipisicing esse aute.\r\n\n', 'https://via.placeholder.com/400/875/fff/?text=undefined', '2020-02-29 10:52:09'),
(54, 3, 37.735723, -122.366813, 'Consectetur dolore tempor commodo veniam velit enim aliquip consequat culpa sunt. Amet ut occaecat excepteur laboris velit nisi dolore voluptate dolor est duis incididunt esse deserunt. Lorem dolor sunt irure pariatur quis laborum deserunt consectetur culpa voluptate dolore nostrud in Lorem. Cupidatat laboris dolor exercitation Lorem anim nostrud commodo ipsum et incididunt. Tempor deserunt velit mollit Lorem.\r\n\n', 'https://via.placeholder.com/400/920/fff/?text=undefined', '2020-01-28 10:01:19'),
(55, 2, 37.721232, -122.430478, 'Laboris enim et id proident pariatur occaecat amet aute nulla. Proident sunt mollit dolor Lorem reprehenderit tempor esse fugiat consequat in. Exercitation id reprehenderit culpa nostrud. Officia Lorem anim magna laboris eiusmod culpa aliquip ipsum.\r\n\n', 'https://via.placeholder.com/400/956/fff/?text=undefined', '2020-05-26 06:12:59'),
(56, 2, 37.791904, -122.500171, 'Lorem consectetur mollit dolor eu ullamco. Nostrud et mollit in exercitation ea consequat irure occaecat commodo. Excepteur quis fugiat qui minim. Dolor aliqua in cupidatat est veniam. Cillum veniam dolor mollit tempor.\r\n\n', 'https://via.placeholder.com/400/754/fff/?text=undefined', '2020-05-19 08:27:55'),
(57, 3, 37.769422, -122.392320, 'Dolore ipsum magna culpa eu nulla voluptate eiusmod mollit aute minim quis ullamco reprehenderit mollit. Elit laboris eu id ad tempor officia elit pariatur labore voluptate exercitation eiusmod eu. Eu veniam sunt duis commodo fugiat esse duis. Aliqua reprehenderit id nulla dolor nulla sit sunt non sit.\r\n\n', 'https://via.placeholder.com/400/760/fff/?text=undefined', '2020-09-22 09:47:17'),
(58, 2, 37.740262, -122.450334, 'Anim deserunt duis aute quis eu ullamco est ea velit. Enim magna velit velit esse quis laboris irure. Lorem magna quis id adipisicing pariatur Lorem commodo.\r\n\n', 'https://via.placeholder.com/400/877/fff/?text=undefined', '2020-05-10 10:20:05'),
(59, 4, 37.732102, -122.484161, 'Lorem ut enim sunt aute occaecat id aliquip aute. Do qui esse aliqua eiusmod exercitation tempor voluptate irure dolor duis amet fugiat laboris. Voluptate enim ad do velit dolor Lorem reprehenderit laboris.\r\n\n', 'https://via.placeholder.com/400/867/fff/?text=undefined', '2020-05-23 10:20:40'),
(60, 5, 37.752108, -122.505370, 'Enim dolor reprehenderit in amet consequat adipisicing aliquip cillum eiusmod magna cillum proident. Laborum sunt culpa velit adipisicing voluptate Lorem. Aliquip ad ad pariatur incididunt non laboris laborum anim sunt minim.\r\n\n', 'https://via.placeholder.com/400/874/fff/?text=undefined', '2020-02-08 12:11:30'),
(61, 1, 37.738766, -122.417259, 'Velit officia sunt ex sint voluptate fugiat ad duis in Lorem. Velit cillum aute dolor ullamco fugiat pariatur. Non veniam aute cupidatat dolore eiusmod et aliqua in. Nulla amet ipsum occaecat excepteur ea incididunt aliqua ex exercitation dolore elit.\r\n\n', 'https://via.placeholder.com/400/991/fff/?text=undefined', '2020-07-01 05:33:09'),
(62, 5, 37.750409, -122.476365, 'Ut sit consequat sunt aliqua consequat irure amet reprehenderit. Est laboris non est reprehenderit adipisicing id ad. Cillum in dolor non occaecat veniam magna consectetur enim enim commodo officia dolor.\r\n\n', 'https://via.placeholder.com/400/736/fff/?text=undefined', '2020-08-05 01:41:55'),
(63, 8, 37.746687, -122.454889, 'Incididunt duis do eiusmod cillum est dolor do laboris occaecat aliqua eiusmod deserunt. Velit aliquip et ullamco non officia magna labore in in anim adipisicing veniam minim nulla. Nisi aliquip ea laboris et ad qui consequat velit. Qui labore quis nulla dolore exercitation enim exercitation aliquip amet labore aliquip eiusmod.\r\n\n', 'https://via.placeholder.com/400/701/fff/?text=undefined', '2020-10-03 03:43:15'),
(64, 6, 37.778032, -122.387396, 'Id esse fugiat cupidatat sit et esse ad occaecat ex. Ullamco pariatur occaecat enim sint culpa. Amet tempor laborum reprehenderit elit dolore laboris sint reprehenderit.\r\n\n', 'https://via.placeholder.com/400/912/fff/?text=undefined', '2020-10-26 04:44:33'),
(65, 8, 37.735867, -122.378976, 'Dolor do labore est magna eu non aliqua nostrud Lorem sint tempor labore. Eu veniam et Lorem do velit veniam officia laborum sunt. Nulla officia eiusmod pariatur aliqua consequat consequat aute velit ea et cillum laborum eiusmod aliquip. Duis culpa enim nulla tempor magna amet mollit occaecat non. Cillum amet ullamco consectetur irure dolore dolore laborum ea sit Lorem ex et adipisicing.\r\n\n', 'https://via.placeholder.com/400/728/fff/?text=undefined', '2020-03-25 10:23:30'),
(66, 3, 37.729981, -122.385502, 'Lorem nostrud et veniam quis elit elit ex sint anim sunt ex. Mollit excepteur in consequat ea adipisicing proident excepteur laborum voluptate duis nisi. Deserunt nisi nisi nisi ad adipisicing. Anim laboris sint elit proident eu. Aliquip consectetur velit pariatur id cupidatat. Sint dolore ea mollit labore ut enim ipsum non.\r\n\n', 'https://via.placeholder.com/400/787/fff/?text=undefined', '2020-07-17 08:00:46'),
(67, 1, 37.708245, -122.500580, 'Lorem ad ut ex id consequat veniam cupidatat nulla nisi ipsum anim. Ullamco Lorem dolore proident pariatur veniam ipsum velit in laborum labore ea est aliquip occaecat. Proident dolore occaecat dolor ea culpa proident do. Sit in Lorem sunt incididunt.\r\n\n', 'https://via.placeholder.com/400/840/fff/?text=undefined', '2020-04-01 12:12:29'),
(68, 8, 37.706596, -122.455872, 'Pariatur dolor fugiat nulla ex est nostrud ex irure commodo. Fugiat ex laborum incididunt veniam laborum cillum do aute non laboris incididunt. Fugiat dolore ex ea occaecat et fugiat eu adipisicing excepteur minim nisi. Sit quis esse incididunt sint commodo ad cupidatat esse nulla dolor. Commodo ex qui laborum consequat sit labore sit aliqua exercitation.\r\n\n', 'https://via.placeholder.com/400/995/fff/?text=undefined', '2020-08-28 03:56:38'),
(69, 7, 37.712391, -122.467168, 'Enim officia officia cillum fugiat. Amet culpa reprehenderit magna eiusmod adipisicing do dolore id dolore exercitation. Consequat elit ad elit duis sunt culpa nostrud nulla consequat amet veniam. Officia ad anim cupidatat duis sunt proident consequat exercitation veniam cillum deserunt. Ipsum laborum occaecat reprehenderit voluptate culpa. Quis reprehenderit pariatur ipsum culpa dolor in laborum dolore consequat.\r\n\n', 'https://via.placeholder.com/400/857/fff/?text=undefined', '2020-03-26 09:12:24'),
(70, 10, 37.762583, -122.422540, 'Qui id ex deserunt anim id dolor fugiat consectetur elit. Proident sunt deserunt sint elit. Officia anim amet tempor irure labore nostrud consectetur enim. Eiusmod quis voluptate excepteur eu ea velit in ullamco duis irure.\r\n\n', 'https://via.placeholder.com/400/794/fff/?text=undefined', '2020-09-25 12:32:32'),
(71, 10, 37.714854, -122.364531, 'Deserunt incididunt aute tempor in minim id incididunt adipisicing est velit magna voluptate duis tempor. Sint duis adipisicing commodo commodo ea incididunt tempor ut excepteur adipisicing eu ea. Anim in sunt et id id officia mollit anim laborum exercitation anim eiusmod duis.\r\n\n', 'https://via.placeholder.com/400/980/fff/?text=undefined', '2020-04-24 07:28:16'),
(72, 6, 37.793826, -122.510993, 'Veniam aliqua laborum eu cillum ut qui eiusmod culpa laborum adipisicing officia cupidatat. Anim adipisicing non laboris fugiat in minim veniam id nostrud velit anim. Qui non incididunt veniam officia amet sint. Ea sit sit Lorem exercitation officia eu ad officia commodo ullamco ea. Mollit occaecat veniam Lorem laboris ut deserunt. Id sint veniam adipisicing veniam est.\r\n\n', 'https://via.placeholder.com/400/995/fff/?text=undefined', '2020-11-16 12:31:23'),
(73, 8, 37.723268, -122.481160, 'Ea et in exercitation et duis consequat anim irure sint sunt occaecat ullamco. Dolore proident id ipsum sunt cillum veniam. Incididunt voluptate eu cillum ad minim elit ex proident irure nisi. Do cupidatat et officia esse non labore. Irure amet esse est nisi adipisicing laboris qui adipisicing laborum sunt. Quis elit mollit non ipsum consectetur Lorem ut magna ad ut ipsum duis.\r\n\n', 'https://via.placeholder.com/400/995/fff/?text=undefined', '2020-03-30 05:43:45'),
(74, 9, 37.752239, -122.485428, 'Sunt laborum eu Lorem laborum nostrud quis irure commodo veniam tempor amet excepteur. Velit minim ex cupidatat adipisicing. Deserunt voluptate in eu ut adipisicing do eiusmod excepteur.\r\n\n', 'https://via.placeholder.com/400/723/fff/?text=undefined', '2020-06-21 11:29:14'),
(75, 2, 37.761767, -122.367022, 'Anim culpa ullamco duis eiusmod aliqua veniam eu dolor laboris. Ad incididunt culpa nisi deserunt non nulla aliquip reprehenderit irure id aliqua labore ullamco. Culpa officia dolore reprehenderit excepteur commodo ullamco esse nostrud sit ut ex. Lorem non adipisicing pariatur ullamco aliqua. Irure laboris duis voluptate anim ex magna ut occaecat ullamco labore minim dolore est. Amet qui sit officia dolore adipisicing officia consequat ex fugiat tempor.\r\n\n', 'https://via.placeholder.com/400/843/fff/?text=undefined', '2020-04-20 06:02:03'),
(76, 10, 37.737505, -122.404633, 'Cillum id qui sit reprehenderit nisi exercitation. Elit do qui cillum mollit dolor. Commodo sint sint anim aute minim ullamco esse duis aliquip. Commodo tempor Lorem mollit tempor. Duis exercitation veniam et veniam Lorem ex sit pariatur pariatur. Sit sit in enim consectetur amet laboris voluptate nisi adipisicing reprehenderit.\r\n\n', 'https://via.placeholder.com/400/932/fff/?text=undefined', '2020-01-19 04:58:25'),
(77, 2, 37.725282, -122.506795, 'Lorem ipsum adipisicing voluptate ipsum. Magna Lorem quis velit cupidatat id. Non ipsum est incididunt est duis aute excepteur irure.\r\n\n', 'https://via.placeholder.com/400/952/fff/?text=undefined', '2020-02-19 01:10:29'),
(78, 6, 37.780583, -122.378423, 'Cillum mollit deserunt do ipsum pariatur minim sint laboris pariatur. Amet aliquip fugiat Lorem sit. Mollit nisi sint minim sint magna ut reprehenderit enim voluptate aliquip. Cupidatat sunt dolore voluptate pariatur eiusmod pariatur consectetur velit. Et magna adipisicing velit officia eiusmod do nulla dolore magna voluptate ea laborum ullamco qui. Voluptate dolore reprehenderit irure adipisicing veniam anim irure eiusmod velit. Ea Lorem id elit exercitation officia quis.\r\n\n', 'https://via.placeholder.com/400/975/fff/?text=undefined', '2020-05-24 07:25:55'),
(79, 3, 37.758179, -122.371294, 'Non elit aute cillum sit consequat Lorem veniam. Lorem aliquip officia ipsum in consectetur pariatur officia fugiat officia dolor consequat ullamco est Lorem. Ipsum duis et culpa ipsum irure nostrud quis incididunt ipsum irure officia. Commodo minim pariatur ad Lorem adipisicing. Aute do do fugiat quis eu cupidatat do ipsum mollit sint. Ea cillum ea in ex. Non cupidatat quis elit sit ullamco pariatur reprehenderit exercitation fugiat ipsum reprehenderit reprehenderit.\r\n\n', 'https://via.placeholder.com/400/808/fff/?text=undefined', '2020-06-19 04:13:38'),
(80, 3, 37.725905, -122.382570, 'Enim anim quis enim duis esse. Deserunt cillum labore eiusmod incididunt minim ad veniam. Nisi sunt pariatur pariatur non nisi non qui adipisicing sit magna deserunt nostrud laborum non. Cillum sint aliqua laborum commodo est id ut aliqua consequat nisi.\r\n\n', 'https://via.placeholder.com/400/832/fff/?text=undefined', '2020-01-22 06:40:43'),
(81, 8, 37.794533, -122.428218, 'Culpa nulla eiusmod dolor eu sunt. Aute duis excepteur dolor ullamco eu dolore. In ipsum magna consequat in incididunt proident. Eiusmod qui cupidatat exercitation magna occaecat elit mollit minim est enim. Ad amet deserunt Lorem dolore nisi mollit enim. Ipsum nulla consectetur minim reprehenderit velit ex.\r\n\n', 'https://via.placeholder.com/400/726/fff/?text=undefined', '2020-01-17 02:07:10'),
(82, 3, 37.712467, -122.391134, 'Nostrud ullamco proident cillum ipsum officia fugiat sunt ut culpa eu occaecat. In Lorem esse laborum velit minim aute consequat velit exercitation non nostrud. Ut elit ea elit do. Dolore qui exercitation consequat in deserunt exercitation nostrud duis irure sit. Sit et aute quis nisi mollit. Consequat do ea dolore deserunt mollit et aliqua elit velit aute nostrud est quis.\r\n\n', 'https://via.placeholder.com/400/771/fff/?text=undefined', '2020-01-23 09:40:01'),
(83, 7, 37.766539, -122.451411, 'Velit consectetur pariatur veniam non adipisicing ut ad. Dolore exercitation labore esse in nostrud minim irure elit irure. Quis fugiat duis magna reprehenderit. Consectetur amet adipisicing qui labore ea adipisicing officia amet deserunt amet officia pariatur tempor. Consectetur mollit irure occaecat proident id veniam nostrud ad dolore qui incididunt ad. Excepteur minim dolor cupidatat laboris eu deserunt dolor excepteur sit. Occaecat magna eu occaecat sit.\r\n\n', 'https://via.placeholder.com/400/918/fff/?text=undefined', '2020-10-12 02:33:42'),
(84, 1, 37.754646, -122.444712, 'Amet pariatur nisi ad culpa aliquip nostrud consequat fugiat Lorem consequat esse commodo irure commodo. Proident deserunt minim dolore adipisicing id eu velit laborum magna exercitation eu. Tempor eiusmod voluptate officia officia velit eu commodo. Duis sit irure proident et ad enim aute fugiat est ex enim. Officia aliqua incididunt irure voluptate exercitation culpa laborum.\r\n\n', 'https://via.placeholder.com/400/861/fff/?text=undefined', '2020-02-06 12:45:42'),
(85, 4, 37.780138, -122.408262, 'Excepteur laborum occaecat nisi aliqua ipsum sit do irure ex labore cupidatat nulla. Sunt dolor excepteur amet est pariatur cillum incididunt velit id. Est irure irure fugiat pariatur duis. Irure non ea duis do sit eu duis proident enim dolore exercitation. Lorem duis duis occaecat nisi cillum amet anim ex voluptate.\r\n\n', 'https://via.placeholder.com/400/969/fff/?text=undefined', '2020-07-22 03:35:15'),
(86, 10, 37.744556, -122.507408, 'Elit laborum voluptate nisi commodo magna laboris enim pariatur. Nisi quis nulla ipsum deserunt proident elit enim anim id. Adipisicing ex in voluptate irure et excepteur duis mollit pariatur aliqua proident. Dolor consequat officia eiusmod cupidatat dolore magna eiusmod eiusmod.\r\n\n', 'https://via.placeholder.com/400/900/fff/?text=undefined', '2020-10-29 02:57:19'),
(87, 4, 37.719902, -122.454195, 'Ea ut amet sunt esse aliqua mollit ex officia ad. Non esse cillum do cillum laborum proident nostrud est qui. Sit nisi aliquip in qui magna nisi minim nostrud reprehenderit laboris. Et aliquip aliqua nulla fugiat cillum ea do esse in pariatur culpa. Incididunt ad fugiat sint do anim do ea ad aliqua laborum magna nostrud. Eu mollit magna nulla ea cupidatat aliqua aliquip mollit nostrud eiusmod.\r\n\n', 'https://via.placeholder.com/400/839/fff/?text=undefined', '2020-03-06 09:58:23'),
(88, 6, 37.794855, -122.378630, 'Dolor exercitation adipisicing magna ad eiusmod in consectetur ad dolor elit irure. Ut elit amet ex pariatur voluptate consequat eiusmod. Lorem elit sit consequat duis non dolor irure elit.\r\n\n', 'https://via.placeholder.com/400/780/fff/?text=undefined', '2020-07-06 05:07:46'),
(89, 2, 37.734780, -122.403032, 'Incididunt culpa consectetur duis culpa aute exercitation amet anim exercitation dolore in nostrud. Proident magna do enim magna quis laborum. Eu velit irure esse reprehenderit ea. Mollit proident aute reprehenderit excepteur nulla. Nisi et velit ullamco ipsum nulla labore labore in aliquip sunt occaecat pariatur. Quis consequat commodo cupidatat minim sit dolor Lorem laboris eu in nisi aute nostrud laboris.\r\n\n', 'https://via.placeholder.com/400/920/fff/?text=undefined', '2020-08-13 12:58:42'),
(90, 8, 37.727573, -122.393584, 'Incididunt duis excepteur do irure ad enim nulla laborum ea. Magna in et ipsum esse nostrud non. Laboris labore occaecat excepteur ipsum cillum nisi adipisicing. Nostrud exercitation do veniam dolore reprehenderit sit quis adipisicing quis laborum cupidatat dolor. Proident irure esse deserunt consequat cupidatat sunt id tempor do velit sit minim veniam ipsum.\r\n\n', 'https://via.placeholder.com/400/868/fff/?text=undefined', '2020-11-13 08:20:42'),
(91, 4, 37.758906, -122.470742, 'Incididunt sint exercitation tempor exercitation ipsum velit reprehenderit culpa aliqua eu. Laborum laboris tempor aliqua proident proident proident excepteur ut dolore ut officia sint nostrud. Adipisicing cupidatat aliqua consectetur pariatur elit mollit sit veniam veniam ullamco enim. Enim sunt non incididunt adipisicing ullamco sunt consectetur Lorem sit. Cupidatat sunt aliquip anim enim mollit non minim velit excepteur do eiusmod. In consequat ad sunt ut minim qui aliquip cillum mollit tempor pariatur sit.\r\n\n', 'https://via.placeholder.com/400/978/fff/?text=undefined', '2020-02-03 09:27:54'),
(92, 9, 37.746412, -122.449614, 'Ea quis commodo adipisicing minim veniam. Tempor aliquip proident adipisicing qui. Eu minim cillum id veniam incididunt nisi do eiusmod eu qui tempor.\r\n\n', 'https://via.placeholder.com/400/719/fff/?text=undefined', '2020-02-13 04:53:11'),
(93, 8, 37.788342, -122.424531, 'Nisi nisi sint officia minim exercitation dolor incididunt amet irure nisi commodo cillum labore. Enim laboris dolor minim consequat. Exercitation non commodo consequat magna mollit.\r\n\n', 'https://via.placeholder.com/400/767/fff/?text=undefined', '2020-05-03 02:00:28'),
(94, 2, 37.793936, -122.472531, 'Ullamco irure incididunt irure enim amet nisi occaecat adipisicing nisi consequat qui veniam aliqua reprehenderit. Officia ipsum consequat officia eiusmod. Exercitation laboris irure dolore pariatur magna laboris eiusmod in sint labore laborum id ad. Sunt adipisicing aute id aliqua esse non fugiat. Ullamco nulla ut laborum do aute commodo et eu ut. Dolore excepteur et anim aliquip amet ea culpa aliquip ea dolore proident. Non non eu tempor cupidatat elit eiusmod nisi nostrud eiusmod.\r\n\n', 'https://via.placeholder.com/400/874/fff/?text=undefined', '2020-11-23 10:43:00'),
(95, 4, 37.766660, -122.431999, 'Sit consequat ullamco eiusmod pariatur minim eiusmod anim. Dolore in ad Lorem excepteur fugiat officia elit nisi commodo labore amet consectetur laboris. Cupidatat proident voluptate nulla laborum. Consectetur excepteur irure sit nulla ad eiusmod sit. Sunt ea elit adipisicing eu adipisicing. Lorem Lorem laborum est irure sunt. Dolor eu aute aute irure.\r\n\n', 'https://via.placeholder.com/400/978/fff/?text=undefined', '2020-06-24 06:18:35'),
(96, 8, 37.707129, -122.369050, 'Proident veniam deserunt fugiat quis ea et eu dolor voluptate commodo. Minim et et quis magna eu sunt dolore velit eiusmod. Exercitation fugiat enim eiusmod proident Lorem ut non velit occaecat laborum pariatur. Tempor fugiat magna aliquip fugiat ipsum exercitation. Duis incididunt aliqua eiusmod minim excepteur aliqua.\r\n\n', 'https://via.placeholder.com/400/788/fff/?text=undefined', '2020-09-29 03:05:52'),
(97, 9, 37.715865, -122.429563, 'Consectetur incididunt esse ut culpa consectetur esse Lorem ipsum reprehenderit do tempor proident. Non magna nulla eiusmod officia ex culpa Lorem voluptate nostrud. Quis elit consequat esse excepteur nisi voluptate exercitation laboris consectetur qui. Dolor tempor deserunt nostrud culpa pariatur velit aliqua.\r\n\n', 'https://via.placeholder.com/400/818/fff/?text=undefined', '2020-05-08 12:56:14'),
(98, 9, 37.750540, -122.456423, 'Id do nulla voluptate labore nulla esse labore sint. Minim ipsum elit dolor cupidatat. Nulla do occaecat labore anim minim commodo consectetur ullamco sit reprehenderit veniam cupidatat.\r\n\n', 'https://via.placeholder.com/400/882/fff/?text=undefined', '2020-03-08 08:52:39'),
(99, 6, 37.717171, -122.518393, 'Tempor qui esse do Lorem id et aute officia reprehenderit mollit laboris voluptate nostrud est. Nisi labore ad voluptate irure nostrud aliqua. Proident dolor laboris minim aliqua id nisi quis reprehenderit elit aliqua aute ad. Minim commodo enim ullamco aute.\r\n\n', 'https://via.placeholder.com/400/790/fff/?text=undefined', '2020-04-22 06:51:16'),
(100, 4, 37.764935, -122.476379, 'Do esse ea irure ullamco amet nisi exercitation laboris adipisicing elit dolore ad voluptate. Aliqua quis proident ipsum ea fugiat ullamco officia voluptate Lorem. Occaecat aliqua fugiat consequat laboris ipsum mollit nisi duis mollit officia commodo. Deserunt incididunt qui fugiat reprehenderit qui velit ipsum veniam amet voluptate.\r\n\n', 'https://via.placeholder.com/400/911/fff/?text=undefined', '2020-03-23 11:07:52'),
(101, 7, 37.754377, -122.380164, 'Ex cupidatat labore dolor ullamco proident proident incididunt nisi id est. Nulla ullamco commodo ut laborum incididunt ipsum pariatur do ut ullamco non. Eu elit qui mollit ipsum commodo commodo occaecat tempor cupidatat esse. Ea qui irure quis incididunt do deserunt sit amet sunt elit. Dolor duis proident nostrud commodo ipsum nostrud eiusmod amet. Dolore quis ut esse do adipisicing aliqua nisi duis nostrud laborum consectetur. Eu aliquip nulla in et tempor enim laboris occaecat eiusmod amet mollit quis.\r\n\n', 'https://via.placeholder.com/400/770/fff/?text=undefined', '2020-01-28 05:08:18'),
(102, 4, 37.747988, -122.458869, 'Amet sit aliquip fugiat officia consectetur aliquip ea. Cupidatat sunt aute esse velit. Ullamco sunt fugiat elit consectetur Lorem veniam cillum magna duis deserunt tempor mollit.\r\n\n', 'https://via.placeholder.com/400/962/fff/?text=undefined', '2020-10-17 09:35:50'),
(103, 6, 37.748460, -122.368699, 'Labore id elit cillum est est adipisicing eu aliqua non. Pariatur laboris mollit veniam amet. Aliquip labore labore excepteur incididunt nisi irure elit fugiat proident ex elit. Cupidatat non esse anim veniam in id labore exercitation reprehenderit ullamco.\r\n\n', 'https://via.placeholder.com/400/892/fff/?text=undefined', '2020-07-04 02:20:35'),
(104, 5, 37.752993, -122.518018, 'Nulla magna minim adipisicing consectetur sit elit id. Anim anim minim non elit aliqua laborum mollit veniam. In sit sit dolor consequat anim. Dolore dolor consectetur labore officia commodo incididunt aliquip. Ipsum ipsum duis ad magna dolore est officia amet aliqua elit commodo.\r\n\n', 'https://via.placeholder.com/400/826/fff/?text=undefined', '2020-09-02 03:08:47'),
(105, 9, 37.706880, -122.454091, 'Quis veniam aliquip elit cupidatat. Enim occaecat nulla eiusmod aliqua culpa magna in dolore nulla. Eu adipisicing laboris adipisicing ullamco aliqua incididunt sint elit elit deserunt. Sint excepteur aliquip incididunt velit enim nulla consectetur cillum tempor excepteur qui id duis. Sint aliqua laborum excepteur culpa ipsum nisi anim aliqua velit culpa irure nostrud sit. Esse Lorem dolor ea pariatur dolor velit qui ullamco officia.\r\n\n', 'https://via.placeholder.com/400/738/fff/?text=undefined', '2020-08-09 11:20:29'),
(106, 2, 37.783897, -122.375403, 'Anim commodo sit labore minim excepteur qui. Est do occaecat anim deserunt culpa voluptate cupidatat amet. Laborum reprehenderit aliqua quis ullamco adipisicing eiusmod nulla sint excepteur. Veniam mollit consectetur pariatur et Lorem nisi adipisicing fugiat commodo voluptate cillum. Nostrud voluptate dolor laboris id officia aliquip aliquip fugiat in.\r\n\n', 'https://via.placeholder.com/400/726/fff/?text=undefined', '2020-09-18 08:10:54'),
(107, 4, 37.795462, -122.504016, 'Ullamco adipisicing consequat irure minim dolor fugiat. Sit anim ipsum fugiat qui magna exercitation aliquip. Dolor dolor dolore dolore proident.\r\n\n', 'https://via.placeholder.com/400/885/fff/?text=undefined', '2020-10-25 06:50:34'),
(108, 2, 37.743961, -122.427180, 'Pariatur occaecat quis quis sunt voluptate culpa id ex dolore. In id minim mollit dolor amet enim voluptate laborum ullamco cillum minim quis aliqua magna. Cupidatat voluptate eiusmod veniam cillum nostrud qui excepteur cillum cillum. Ut elit elit laboris qui nostrud fugiat aliqua veniam. Et in nisi ea nostrud. Culpa aliquip sint excepteur tempor dolor in nostrud est proident sint mollit nostrud.\r\n\n', 'https://via.placeholder.com/400/940/fff/?text=undefined', '2020-07-01 09:10:48'),
(109, 8, 37.708588, -122.456458, 'Nostrud fugiat eu quis cillum Lorem cupidatat fugiat nisi do veniam ad. Adipisicing aliqua velit aliqua culpa fugiat excepteur reprehenderit. Magna excepteur ut amet eu non commodo commodo.\r\n\n', 'https://via.placeholder.com/400/716/fff/?text=undefined', '2020-03-22 08:16:49'),
(110, 1, 37.758200, -122.389815, 'Eiusmod culpa occaecat anim culpa laboris. Aliquip anim deserunt culpa nisi et adipisicing officia irure velit officia. Ex anim excepteur reprehenderit consequat ad. Et cupidatat consectetur deserunt exercitation sunt aliqua culpa do dolore proident. Elit nostrud eu minim enim anim Lorem cillum aliqua nisi excepteur. Do nulla ex non ex non in tempor tempor aliquip laborum fugiat.\r\n\n', 'https://via.placeholder.com/400/929/fff/?text=undefined', '2020-11-08 05:28:52'),
(111, 9, 37.790723, -122.470253, 'Cupidatat incididunt aliquip velit non laboris ad eiusmod. Pariatur proident qui non ipsum enim consectetur voluptate est. Ipsum eiusmod eu Lorem laboris aliqua magna laborum sit adipisicing proident. Consequat irure sunt incididunt eiusmod sunt fugiat id.\r\n\n', 'https://via.placeholder.com/400/934/fff/?text=undefined', '2020-05-31 08:07:52'),
(112, 6, 37.703877, -122.381945, 'Consequat nisi ut nostrud nisi ipsum veniam culpa aute elit laboris amet deserunt enim. Aliqua quis qui deserunt id ex culpa nostrud aute elit velit dolor aute laborum. Sit anim laborum cillum qui minim cupidatat deserunt. Labore nisi laboris Lorem minim ea pariatur ipsum et fugiat occaecat ea aute nostrud. Anim reprehenderit consequat sint irure voluptate qui dolore dolore. Et ex veniam enim sunt ad ipsum anim tempor.\r\n\n', 'https://via.placeholder.com/400/821/fff/?text=undefined', '2020-05-18 01:38:57'),
(113, 1, 37.762790, -122.477213, 'Consectetur tempor consectetur est et reprehenderit ex reprehenderit duis nisi magna sit laboris. Aliquip ipsum veniam do velit enim quis. Nulla dolore sint labore ullamco cupidatat duis. Mollit dolor nisi nisi ullamco laborum mollit. Ex aliqua voluptate laboris deserunt do in Lorem reprehenderit labore minim deserunt. Occaecat pariatur sit ea velit ut occaecat. Reprehenderit id qui voluptate velit eiusmod.\r\n\n', 'https://via.placeholder.com/400/939/fff/?text=undefined', '2020-07-07 02:25:08'),
(114, 1, 37.731070, -122.407134, 'Sint consectetur est esse dolor. Nisi ea et do nostrud. Et sunt aliquip Lorem dolore culpa elit dolor nostrud tempor dolore anim proident nostrud nostrud. Adipisicing voluptate consectetur laborum esse excepteur sit deserunt non. Voluptate esse culpa anim qui aliqua ut.\r\n\n', 'https://via.placeholder.com/400/848/fff/?text=undefined', '2020-03-23 03:50:26');
INSERT INTO `track_locations` (`id`, `animal_id`, `lat`, `lng`, `description`, `img`, `date_create`) VALUES
(115, 10, 37.719640, -122.487551, 'Eu consectetur ad cupidatat consequat nulla. Ad officia duis aute in. Sint et pariatur nisi quis sint adipisicing do aliquip. Adipisicing pariatur reprehenderit Lorem excepteur consequat ex. Minim sit dolor nulla et do proident esse quis.\r\n\n', 'https://via.placeholder.com/400/784/fff/?text=undefined', '2020-03-15 06:37:43'),
(116, 5, 37.739653, -122.462542, 'Duis ex est ea Lorem nisi. Incididunt id eu in deserunt enim aliqua dolore amet in aliquip aliqua elit adipisicing. Ullamco labore dolore nostrud aute est cillum aliquip est ipsum reprehenderit. Eu sit nostrud commodo labore sit commodo esse laboris quis magna dolore. Quis elit velit enim deserunt do Lorem ea sint aliquip aliqua.\r\n\n', 'https://via.placeholder.com/400/780/fff/?text=undefined', '2020-01-23 04:49:02'),
(117, 9, 37.714264, -122.513274, 'In cupidatat ea officia minim. Dolore qui in excepteur cillum eiusmod nisi velit qui excepteur pariatur ex aute voluptate irure. Ad magna reprehenderit do amet occaecat.\r\n\n', 'https://via.placeholder.com/400/732/fff/?text=undefined', '2020-04-01 09:03:30'),
(118, 3, 37.793159, -122.414894, 'Nisi Lorem non nulla enim duis cupidatat elit laboris. Veniam adipisicing consectetur non ad exercitation tempor veniam sit aliquip eiusmod. Incididunt fugiat non nulla reprehenderit ut aute reprehenderit velit amet tempor consequat adipisicing. Veniam et sint quis laborum labore aute aliquip adipisicing. Consequat laboris mollit esse nulla pariatur aliquip. Voluptate mollit eiusmod occaecat laborum laborum ex duis cillum fugiat commodo dolore ea labore.\r\n\n', 'https://via.placeholder.com/400/837/fff/?text=undefined', '2020-04-13 04:06:41'),
(119, 1, 37.783937, -122.373284, 'Laboris incididunt ipsum mollit excepteur cillum Lorem adipisicing quis reprehenderit non aute. Sint enim pariatur ut veniam elit enim et quis in aliquip nisi quis. Eiusmod nulla mollit cillum magna fugiat irure velit. Ad aute consequat tempor id sunt. Irure occaecat nisi non consectetur eu elit ipsum dolor sunt ea laborum. Sint sunt et minim irure cupidatat amet voluptate labore irure laborum ut in. Nulla elit aute enim fugiat proident deserunt elit esse occaecat eiusmod cupidatat esse sint.\r\n\n', 'https://via.placeholder.com/400/918/fff/?text=undefined', '2020-06-05 01:52:36'),
(120, 4, 37.761660, -122.444646, 'Reprehenderit voluptate magna velit ullamco anim deserunt id elit amet. Officia ullamco culpa proident culpa consectetur. Dolore excepteur esse laborum ex nulla Lorem irure est non dolor nostrud duis tempor. Pariatur ut cillum laborum proident adipisicing.\r\n\n', 'https://via.placeholder.com/400/754/fff/?text=undefined', '2020-10-09 07:30:12'),
(121, 3, 37.709004, -122.434736, 'Eiusmod labore irure ipsum ex ea minim. Sint amet laborum mollit cupidatat pariatur commodo fugiat. Non ea esse occaecat anim laborum nostrud. Est adipisicing dolor anim amet exercitation consequat.\r\n\n', 'https://via.placeholder.com/400/784/fff/?text=undefined', '2020-04-09 11:41:34'),
(122, 1, 37.788885, -122.494354, 'Irure non amet qui est aute esse in et magna fugiat enim aliqua nulla. Ad mollit sunt ut nulla elit dolore eiusmod aute. Quis Lorem nulla non eiusmod nostrud esse labore occaecat.\r\n\n', 'https://via.placeholder.com/400/762/fff/?text=undefined', '2020-10-03 07:45:19'),
(123, 3, 37.733288, -122.441753, 'Adipisicing elit amet pariatur nulla reprehenderit. Duis tempor non et minim non exercitation. Lorem ullamco sunt sint culpa do reprehenderit mollit tempor ad. Est occaecat velit adipisicing fugiat laborum duis magna cillum labore laborum velit ea. In sunt nulla cupidatat occaecat non excepteur eiusmod consequat minim veniam irure dolor consectetur. Minim ea nulla dolore pariatur esse incididunt aliquip.\r\n\n', 'https://via.placeholder.com/400/873/fff/?text=undefined', '2020-10-03 03:49:15'),
(124, 6, 37.721709, -122.425157, 'Duis mollit sint dolor cupidatat irure ut laboris ullamco. Dolore est consectetur Lorem eiusmod in anim consequat do anim esse pariatur adipisicing. Ipsum eiusmod et ut et amet est minim. Ea incididunt reprehenderit aute ex pariatur deserunt officia ut aliquip velit pariatur ad. Non ipsum laborum cillum adipisicing sit excepteur sunt nisi.\r\n\n', 'https://via.placeholder.com/400/733/fff/?text=undefined', '2020-07-09 04:51:59'),
(125, 5, 37.746809, -122.448531, 'Ad et dolor laborum fugiat et. Consectetur velit laborum reprehenderit esse reprehenderit voluptate ad qui ad eiusmod ullamco. Non laboris dolor laboris cupidatat elit et deserunt. Incididunt aliqua id eu amet et exercitation occaecat amet anim fugiat velit non mollit excepteur. Officia ut Lorem consectetur sunt nulla dolor non in id proident est ea.\r\n\n', 'https://via.placeholder.com/400/871/fff/?text=undefined', '2020-08-30 03:58:58'),
(126, 1, 37.752862, -122.524905, 'Lorem consequat deserunt velit enim ullamco id consectetur ex laboris adipisicing aute nisi esse. Culpa laboris non incididunt aute exercitation cillum esse amet. Nulla veniam non mollit irure ipsum laboris dolor duis. Exercitation esse veniam Lorem culpa duis commodo culpa do ex occaecat do ullamco eiusmod.\r\n\n', 'https://via.placeholder.com/400/914/fff/?text=undefined', '2020-01-05 04:19:12'),
(127, 4, 37.788692, -122.504420, 'Non culpa cillum cillum tempor minim qui nostrud nostrud cupidatat ad officia non. Cupidatat nostrud pariatur ex nisi anim sunt. Ipsum veniam aute laboris cillum.\r\n\n', 'https://via.placeholder.com/400/820/fff/?text=undefined', '2020-07-25 10:34:46'),
(128, 8, 37.767488, -122.513095, 'Esse aliqua laboris sunt irure qui aute. Elit est excepteur incididunt consectetur Lorem qui. Culpa minim sint irure ex magna consectetur irure labore est exercitation anim mollit irure. Ex dolor incididunt aliquip voluptate duis ad consequat ea mollit cupidatat.\r\n\n', 'https://via.placeholder.com/400/988/fff/?text=undefined', '2020-06-02 01:41:51'),
(129, 6, 37.728721, -122.392457, 'Commodo laborum cillum reprehenderit dolor Lorem esse qui sint anim occaecat dolore exercitation exercitation dolor. Esse do pariatur sit magna irure eu sint magna et enim excepteur do id. Enim nostrud sint consectetur ex elit aliquip amet consequat. Aliqua quis sit occaecat non Lorem magna cupidatat commodo anim. Reprehenderit ipsum proident consequat eu nostrud in cillum ullamco ea amet sit ut.\r\n\n', 'https://via.placeholder.com/400/905/fff/?text=undefined', '2020-11-08 09:45:10'),
(130, 9, 37.760032, -122.431513, 'Culpa culpa nisi consequat ex cillum velit Lorem eiusmod velit consequat. Laborum id laboris eiusmod voluptate incididunt fugiat cillum sint ipsum dolore aliqua. Sint exercitation veniam eiusmod ipsum culpa aliqua nostrud velit excepteur est non veniam velit. Adipisicing sit occaecat adipisicing incididunt sunt esse enim nisi id occaecat incididunt qui consectetur. Occaecat veniam adipisicing non Lorem incididunt anim incididunt occaecat enim amet aute sit nostrud.\r\n\n', 'https://via.placeholder.com/400/702/fff/?text=undefined', '2020-02-02 06:20:28'),
(131, 9, 37.712349, -122.456234, 'Duis duis deserunt anim ex in. Nostrud ex consequat laboris eu ea exercitation. Adipisicing occaecat culpa pariatur sit quis voluptate do culpa aliquip dolore mollit est est. Eu voluptate nulla irure incididunt commodo deserunt est enim qui veniam pariatur. Occaecat quis incididunt anim velit excepteur excepteur ipsum voluptate cupidatat ad irure proident. Irure magna duis ex commodo tempor irure nostrud aute et proident dolor elit. Proident proident cillum consectetur deserunt cupidatat nostrud veniam excepteur tempor incididunt dolore consequat.\r\n\n', 'https://via.placeholder.com/400/778/fff/?text=undefined', '2020-01-27 04:07:05'),
(132, 9, 37.738658, -122.475302, 'Est eu pariatur nisi aliquip exercitation mollit quis eu nostrud consectetur aliqua duis excepteur proident. Cillum amet ipsum laborum duis anim eiusmod reprehenderit proident minim cupidatat anim aliquip. Est tempor sunt anim mollit amet Lorem nostrud nisi eu id consequat sint. Tempor et sint esse eu ea tempor esse cillum. Lorem nulla ad minim laboris et quis aliquip ipsum laboris laboris sunt esse laborum reprehenderit.\r\n\n', 'https://via.placeholder.com/400/860/fff/?text=undefined', '2020-06-09 09:08:41'),
(133, 9, 37.744570, -122.414972, 'Laboris ipsum nostrud magna anim nostrud dolor enim deserunt qui non magna pariatur. Est ipsum eu sint incididunt laborum incididunt commodo irure officia qui. Voluptate velit fugiat minim veniam dolore commodo eiusmod id sint esse labore. Irure ut nostrud ea voluptate non ad.\r\n\n', 'https://via.placeholder.com/400/747/fff/?text=undefined', '2020-07-10 02:41:59'),
(134, 2, 37.716005, -122.396038, 'Officia cillum fugiat sunt sit do laborum nisi culpa ea. Officia ex commodo enim est laborum est labore proident duis excepteur cillum excepteur et ad. Quis sint duis culpa anim officia sit commodo.\r\n\n', 'https://via.placeholder.com/400/763/fff/?text=undefined', '2020-04-14 01:36:27'),
(135, 4, 37.795404, -122.376127, 'Aute do enim duis minim nostrud sit velit aute ea labore. Veniam sunt minim eiusmod esse Lorem nostrud est ea magna est amet fugiat occaecat esse. Ullamco laborum ipsum elit deserunt Lorem esse laboris dolore exercitation consectetur. Ad elit voluptate exercitation ipsum sit cupidatat culpa adipisicing mollit nisi quis duis fugiat nulla.\r\n\n', 'https://via.placeholder.com/400/830/fff/?text=undefined', '2020-11-06 01:56:50'),
(136, 2, 37.742945, -122.441000, 'Lorem aliquip et mollit ex. Anim veniam aute dolore aute elit magna do adipisicing Lorem officia Lorem magna commodo in. Occaecat aute et adipisicing reprehenderit. Et consectetur dolor dolor eu magna adipisicing amet irure commodo incididunt eu voluptate cupidatat Lorem. In laborum laborum sit pariatur.\r\n\n', 'https://via.placeholder.com/400/759/fff/?text=undefined', '2020-08-24 02:09:59'),
(137, 6, 37.776247, -122.454536, 'Exercitation minim commodo deserunt officia. Anim consectetur nulla incididunt do aliquip ullamco ex eiusmod nulla consectetur sit eiusmod qui. Commodo quis non laboris Lorem officia anim. Reprehenderit amet cupidatat eiusmod ullamco qui magna anim sit cupidatat veniam.\r\n\n', 'https://via.placeholder.com/400/941/fff/?text=undefined', '2020-05-19 09:08:36'),
(138, 1, 37.796066, -122.406958, 'Ipsum cillum sit dolor aliquip eu ea pariatur sit aute nulla non aliquip elit. Laborum veniam anim consectetur anim id aute anim. Sit et pariatur ullamco eu in Lorem labore in et duis cupidatat mollit veniam ad. Aliqua elit et tempor laborum minim ad do anim nulla magna aute incididunt do. Pariatur excepteur ipsum tempor mollit proident.\r\n\n', 'https://via.placeholder.com/400/807/fff/?text=undefined', '2020-04-24 03:01:47'),
(139, 4, 37.746947, -122.382372, 'Nisi nulla mollit culpa fugiat id proident commodo non ullamco commodo nostrud ad sit. Excepteur pariatur qui minim dolore nulla aliquip officia cillum amet minim eu aute et voluptate. Esse duis tempor ad nulla incididunt nulla nostrud quis velit nisi. Anim adipisicing culpa irure culpa amet officia. Eiusmod consectetur irure elit aute Lorem ipsum amet consectetur enim excepteur.\r\n\n', 'https://via.placeholder.com/400/869/fff/?text=undefined', '2020-03-05 06:51:03'),
(140, 7, 37.769111, -122.447906, 'Lorem cupidatat ea aliqua et ex consectetur anim ipsum est non adipisicing. Magna eiusmod proident elit qui reprehenderit. Velit mollit laborum consequat nisi aliqua.\r\n\n', 'https://via.placeholder.com/400/950/fff/?text=undefined', '2020-04-11 09:29:44'),
(141, 9, 37.759205, -122.369998, 'Aliqua fugiat quis voluptate amet ipsum deserunt. Qui commodo sunt aliquip consectetur veniam nisi nostrud et aute cupidatat irure occaecat. Sit aliqua nisi pariatur est. Nisi culpa ullamco voluptate sit est commodo sit duis ipsum. Aliqua laboris exercitation aliquip nulla sint pariatur est do Lorem ullamco.\r\n\n', 'https://via.placeholder.com/400/700/fff/?text=undefined', '2020-11-15 10:55:41'),
(142, 9, 37.742155, -122.482326, 'Ullamco do pariatur esse laborum dolore veniam voluptate. Deserunt officia aliqua fugiat et consequat consequat. Aliqua nulla proident adipisicing labore eu labore. In anim nulla ipsum voluptate sunt. Non ad voluptate Lorem exercitation dolore culpa non aute qui commodo velit sunt consequat.\r\n\n', 'https://via.placeholder.com/400/765/fff/?text=undefined', '2020-10-12 05:16:26'),
(143, 3, 37.766675, -122.503265, 'Commodo aute minim dolore occaecat nulla velit anim eiusmod laborum incididunt qui. Id magna id et deserunt irure mollit velit dolore nostrud duis adipisicing. Laborum dolor proident elit esse mollit sunt officia veniam non tempor consectetur culpa culpa laboris. Ad nulla proident proident veniam officia veniam occaecat aliquip velit exercitation aute consequat. Eiusmod ad et cillum sunt ex tempor dolore anim aute. Occaecat consectetur amet sit ex enim reprehenderit est occaecat aute.\r\n\n', 'https://via.placeholder.com/400/822/fff/?text=undefined', '2020-08-24 05:06:58'),
(144, 1, 37.707783, -122.419991, 'Veniam nisi consectetur anim cupidatat mollit excepteur amet enim. Nulla Lorem excepteur labore sit ut aliqua irure enim. Aliquip aliqua excepteur qui excepteur deserunt do voluptate duis nulla.\r\n\n', 'https://via.placeholder.com/400/729/fff/?text=undefined', '2020-01-10 10:32:25'),
(145, 8, 37.780034, -122.380926, 'Dolore sunt sunt laborum sunt est duis aliqua id occaecat pariatur. Et incididunt ea minim mollit quis ut minim mollit mollit sit deserunt. Officia tempor cillum occaecat commodo nisi deserunt. Enim laborum velit ipsum eiusmod enim mollit pariatur. Consectetur eu do ex Lorem ipsum sit quis elit ut excepteur voluptate aliqua sunt velit. Laborum minim velit velit fugiat magna eu sint voluptate enim cupidatat.\r\n\n', 'https://via.placeholder.com/400/839/fff/?text=undefined', '2020-03-10 05:21:35'),
(146, 10, 37.752583, -122.460888, 'Elit dolor nisi excepteur magna officia cillum anim adipisicing. Ad sunt sunt qui proident qui ullamco commodo voluptate occaecat elit quis nostrud. Occaecat do veniam consectetur nulla dolor id laborum aliquip consectetur duis proident irure. Sunt commodo nostrud pariatur duis ea. Excepteur esse incididunt ad eiusmod deserunt et irure est aliqua incididunt est esse Lorem.\r\n\n', 'https://via.placeholder.com/400/896/fff/?text=undefined', '2020-09-02 07:45:26'),
(147, 3, 37.736784, -122.422670, 'Excepteur ullamco eiusmod labore occaecat sint excepteur pariatur officia id exercitation exercitation. Culpa elit occaecat est qui pariatur. Eiusmod minim reprehenderit dolore officia velit amet irure cupidatat consequat. Ad ut officia officia quis aliqua ullamco do minim. Laboris ad aliquip eiusmod incididunt sint proident Lorem nulla fugiat nostrud amet officia do. Amet labore qui quis consectetur aliquip excepteur eu. Enim occaecat est ullamco labore duis Lorem elit labore.\r\n\n', 'https://via.placeholder.com/400/950/fff/?text=undefined', '2020-05-13 08:18:37'),
(148, 7, 37.702084, -122.488776, 'Deserunt ut proident pariatur ut ea esse ex est enim. In consectetur excepteur amet deserunt quis id ut enim culpa occaecat ex labore. Fugiat amet dolore tempor anim. Commodo aliquip cillum laboris est laboris nisi fugiat Lorem quis pariatur mollit excepteur mollit. Ut laborum eu occaecat veniam ut. Cupidatat commodo ullamco non eu commodo sunt. Elit cupidatat sit sunt adipisicing tempor dolore.\r\n\n', 'https://via.placeholder.com/400/937/fff/?text=undefined', '2020-08-10 10:56:16'),
(149, 9, 37.708912, -122.426451, 'Cillum est ullamco magna cillum magna labore officia esse elit nostrud ipsum elit est. Voluptate consequat sit occaecat incididunt sit ad reprehenderit veniam consequat irure. Minim amet culpa sunt proident cillum ea consequat quis ea laboris.\r\n\n', 'https://via.placeholder.com/400/921/fff/?text=undefined', '2020-04-01 07:33:59'),
(150, 5, 37.772362, -122.415430, 'Tempor enim officia est commodo laborum incididunt amet nostrud occaecat labore incididunt fugiat. Excepteur aute sit sit amet. Dolor pariatur et voluptate mollit tempor in cillum fugiat deserunt. In ipsum exercitation eu sit consectetur magna mollit aute labore eiusmod.\r\n\n', 'https://via.placeholder.com/400/917/fff/?text=undefined', '2020-08-03 10:02:02'),
(151, 3, 37.756356, -122.479714, 'Sit irure nostrud sit proident consectetur mollit voluptate enim mollit ipsum. Eiusmod sint Lorem adipisicing est irure culpa id sunt dolor magna amet. Do id nisi nisi laboris sunt eu occaecat mollit qui ex. Enim ad incididunt et tempor exercitation et labore laborum. Et et sint proident do culpa cupidatat ipsum cillum ad nulla amet mollit. Exercitation irure excepteur nostrud cillum proident dolor. Nostrud fugiat sunt laboris proident ut sint minim elit ullamco exercitation exercitation deserunt.\r\n\n', 'https://via.placeholder.com/400/883/fff/?text=undefined', '2020-09-05 07:03:18'),
(152, 2, 37.744540, -122.423088, 'In irure eu proident sunt consequat tempor incididunt esse duis sit ex. Est officia ex ex pariatur aliqua excepteur ullamco. Reprehenderit laboris eu aliquip culpa adipisicing fugiat consectetur pariatur ipsum sunt.\r\n\n', 'https://via.placeholder.com/400/739/fff/?text=undefined', '2020-08-05 07:41:58'),
(153, 9, 37.750846, -122.486217, 'Nostrud ullamco quis id ullamco mollit voluptate. Consequat Lorem ut occaecat qui officia reprehenderit velit nostrud quis in culpa consequat. Laboris do eu esse fugiat Lorem sunt ea sit magna cillum laborum veniam enim. Enim eu cillum consequat nulla officia quis.\r\n\n', 'https://via.placeholder.com/400/910/fff/?text=undefined', '2020-06-23 11:31:45'),
(154, 8, 37.724330, -122.386369, 'Consectetur consequat pariatur quis excepteur laboris eiusmod minim. Adipisicing do reprehenderit esse labore commodo. Cillum ex Lorem dolore commodo esse excepteur mollit ex aliquip excepteur cupidatat ipsum. Aute duis ex labore nulla exercitation ad duis et quis esse mollit excepteur est. Duis officia sint officia ullamco magna ea dolore et ea deserunt labore.\r\n\n', 'https://via.placeholder.com/400/758/fff/?text=undefined', '2020-03-08 01:58:43'),
(155, 6, 37.759554, -122.423780, 'Tempor officia enim exercitation officia ut nostrud dolore. Amet mollit fugiat velit eu dolor pariatur tempor deserunt veniam. Reprehenderit ullamco proident in anim aliqua minim reprehenderit nisi nisi magna. Adipisicing sint sunt amet ut duis. Eiusmod officia voluptate esse nulla non incididunt. Proident deserunt quis non reprehenderit proident quis reprehenderit ullamco laboris laborum. Et labore enim mollit commodo exercitation reprehenderit nostrud eu eiusmod officia Lorem.\r\n\n', 'https://via.placeholder.com/400/851/fff/?text=undefined', '2020-08-02 08:44:32'),
(156, 5, 37.717458, -122.392071, 'Nisi sit irure minim do proident consectetur ullamco quis laboris esse aute. Velit voluptate ut commodo ut nostrud eiusmod esse anim. Mollit id elit duis elit ad laborum adipisicing enim amet voluptate officia anim mollit nisi. Excepteur in exercitation nulla mollit. Veniam labore aliqua laboris minim amet velit ea consectetur incididunt velit.\r\n\n', 'https://via.placeholder.com/400/914/fff/?text=undefined', '2020-08-21 09:55:14'),
(157, 1, 37.780857, -122.377172, 'Irure amet est aliquip sit veniam reprehenderit officia commodo eiusmod consectetur dolore sunt exercitation. Ad anim aute aliquip fugiat magna exercitation ad qui magna commodo aliqua ad. Nulla voluptate proident eiusmod ad consequat cupidatat. Pariatur qui officia amet irure enim ex reprehenderit magna ea. Ad amet officia ullamco consequat do. Adipisicing tempor voluptate aliqua deserunt veniam magna laboris consequat do ex ut dolor. Officia anim consequat adipisicing culpa tempor.\r\n\n', 'https://via.placeholder.com/400/741/fff/?text=undefined', '2020-11-03 09:54:17'),
(158, 8, 37.746094, -122.400769, 'Aute magna proident enim ex incididunt ullamco adipisicing culpa dolor reprehenderit. Nulla ea voluptate qui proident veniam sit. Labore esse magna culpa mollit proident dolor do nisi consequat exercitation non est. Duis dolore labore quis dolore ea occaecat pariatur enim id dolor commodo excepteur.\r\n\n', 'https://via.placeholder.com/400/720/fff/?text=undefined', '2020-02-03 08:00:20'),
(159, 1, 37.732809, -122.420966, 'Culpa proident sint commodo proident duis ullamco aute consectetur velit. Sit minim duis sit excepteur voluptate. Nostrud nisi est tempor occaecat non ex Lorem veniam non nostrud. Commodo excepteur ad commodo do laborum consectetur fugiat qui laboris Lorem. Reprehenderit aliquip nostrud enim deserunt. Incididunt incididunt aliquip officia est irure incididunt.\r\n\n', 'https://via.placeholder.com/400/759/fff/?text=undefined', '2020-02-25 07:19:50'),
(160, 2, 37.757535, -122.476998, 'Est tempor minim qui quis incididunt adipisicing eiusmod excepteur. Proident quis excepteur non aute fugiat ex nisi velit. Voluptate duis aliqua ex tempor officia ex cupidatat voluptate.\r\n\n', 'https://via.placeholder.com/400/815/fff/?text=undefined', '2020-07-24 05:09:07'),
(161, 2, 37.726792, -122.434379, 'Excepteur qui dolor nisi culpa dolore non consectetur elit tempor aute reprehenderit nostrud fugiat. Labore nisi voluptate reprehenderit commodo ex voluptate. Ad eu excepteur commodo incididunt commodo do. Nulla nostrud id nisi ad consequat esse incididunt deserunt deserunt mollit aliqua minim. Aliquip amet ipsum nisi ullamco anim elit laboris velit eu incididunt ipsum esse aute.\r\n\n', 'https://via.placeholder.com/400/774/fff/?text=undefined', '2020-07-13 04:18:16'),
(162, 8, 37.747032, -122.443402, 'Incididunt adipisicing est anim ex qui labore laboris exercitation ex tempor occaecat aliquip. Anim sit nostrud sunt ea aliqua laboris occaecat culpa laboris minim labore ea. Magna consectetur ex pariatur labore consectetur eu ut voluptate. Non enim reprehenderit duis magna fugiat aliquip ea duis id nulla minim velit esse adipisicing. Laboris qui occaecat reprehenderit ex sit irure ea nulla aute quis nulla ut excepteur duis. Irure proident aute labore non dolore ullamco eu est aliqua. Quis ea sunt amet consectetur in in voluptate.\r\n\n', 'https://via.placeholder.com/400/879/fff/?text=undefined', '2020-06-28 08:31:34'),
(163, 3, 37.742091, -122.426763, 'Cillum nisi reprehenderit fugiat nisi veniam cillum pariatur minim exercitation esse eiusmod sunt sint. Sint nisi cupidatat officia dolore dolore aliqua voluptate. Anim eiusmod nulla eiusmod magna ut consequat esse aliquip aliqua ullamco fugiat enim occaecat laborum. Deserunt sit velit pariatur non aute quis in enim proident.\r\n\n', 'https://via.placeholder.com/400/905/fff/?text=undefined', '2020-02-10 10:01:48'),
(164, 2, 37.732919, -122.389031, 'Tempor esse nostrud officia consectetur laborum proident ut veniam exercitation consectetur deserunt commodo culpa. Dolor fugiat aliquip deserunt eu exercitation fugiat excepteur ex ex veniam esse fugiat. Mollit aliquip culpa proident labore non commodo excepteur et.\r\n\n', 'https://via.placeholder.com/400/736/fff/?text=undefined', '2020-02-04 09:05:43'),
(165, 7, 37.781487, -122.370431, 'Eu laboris aliqua sunt aute nulla qui sint consectetur laboris duis non. Pariatur proident et pariatur sit dolore nisi elit magna ut laboris veniam. Amet minim anim cupidatat cillum quis esse officia irure ad adipisicing non ipsum eiusmod nisi. Aliqua tempor ullamco magna qui laborum id pariatur reprehenderit. Dolor aliquip nostrud magna minim. Enim aliquip aliqua qui nisi incididunt excepteur ut proident minim dolor dolor sint adipisicing. Id non eu ut mollit ut magna esse.\r\n\n', 'https://via.placeholder.com/400/801/fff/?text=undefined', '2020-01-02 04:02:15'),
(166, 2, 37.795439, -122.452861, 'Et tempor quis dolor minim quis excepteur culpa officia. Ut amet fugiat enim commodo consectetur proident et quis. Dolore ullamco incididunt consequat sint magna in adipisicing exercitation non sint ex. Pariatur ut enim cupidatat ex Lorem incididunt. Ex culpa voluptate consequat laborum sit dolore consequat.\r\n\n', 'https://via.placeholder.com/400/826/fff/?text=undefined', '2020-02-18 12:11:24'),
(167, 4, 37.795085, -122.490985, 'Sunt aliqua ad laborum excepteur. Occaecat anim do occaecat et elit adipisicing. Voluptate voluptate mollit Lorem amet fugiat magna nisi laborum exercitation do id id. Ipsum consequat quis consectetur sunt non. Anim culpa qui consequat nisi nisi irure magna qui mollit exercitation laboris tempor.\r\n\n', 'https://via.placeholder.com/400/861/fff/?text=undefined', '2020-05-29 03:34:54'),
(168, 8, 37.766271, -122.393390, 'Anim Lorem Lorem nisi laboris velit aliqua. Nisi irure labore consequat mollit excepteur reprehenderit occaecat pariatur commodo dolore voluptate exercitation. Incididunt cupidatat cupidatat officia quis exercitation consectetur nostrud pariatur anim ea. Voluptate voluptate esse duis cupidatat excepteur est esse dolore non sit. Minim culpa quis minim mollit et cillum.\r\n\n', 'https://via.placeholder.com/400/927/fff/?text=undefined', '2020-05-05 07:58:46'),
(169, 5, 37.712992, -122.494651, 'Dolor ipsum sint veniam aliquip irure pariatur commodo ut. Culpa excepteur eiusmod laborum exercitation sint. Ex consectetur ea occaecat Lorem et sint mollit ipsum consectetur non consectetur aliqua consectetur.\r\n\n', 'https://via.placeholder.com/400/894/fff/?text=undefined', '2020-11-16 10:31:23'),
(170, 5, 37.753397, -122.470718, 'Labore consequat magna amet exercitation reprehenderit dolore do adipisicing labore ullamco laborum et ut veniam. Nostrud labore ea minim proident cupidatat. Anim ea mollit quis ad laborum. Nulla esse eu tempor esse amet ut aliqua sit dolor. Do dolor aliqua irure enim cupidatat dolore voluptate non officia irure ut in. Enim sit cupidatat elit ea aute eiusmod culpa Lorem nostrud. Consectetur ut aliqua commodo ex reprehenderit veniam labore pariatur anim proident duis sunt in nulla.\r\n\n', 'https://via.placeholder.com/400/942/fff/?text=undefined', '2020-02-18 05:30:46'),
(171, 6, 37.772601, -122.507674, 'Quis aute esse non Lorem sit consequat consequat laboris Lorem cupidatat. Id cillum dolor cupidatat enim aliqua consectetur duis nisi officia esse laborum exercitation voluptate deserunt. Laboris ullamco officia labore consequat cupidatat esse esse est est tempor nulla. Do mollit nostrud occaecat laborum.\r\n\n', 'https://via.placeholder.com/400/967/fff/?text=undefined', '2020-10-12 09:16:28'),
(172, 10, 37.706417, -122.524150, 'Laborum ipsum est aliquip Lorem laborum pariatur proident. Culpa exercitation aute nostrud aliqua do officia ut consequat. Laborum eiusmod cillum ex aute do quis ut irure do dolor id aliquip.\r\n\n', 'https://via.placeholder.com/400/832/fff/?text=undefined', '2020-05-25 06:53:28'),
(173, 8, 37.707364, -122.389498, 'Anim consectetur in Lorem proident eu. Ullamco ea consequat voluptate irure adipisicing esse Lorem quis id tempor voluptate proident reprehenderit. Mollit qui aliqua ipsum dolore pariatur quis laborum ipsum ut do nulla eiusmod laboris proident. Anim commodo exercitation commodo consectetur amet consectetur ea. Irure velit exercitation officia irure aliquip culpa incididunt quis dolor dolore.\r\n\n', 'https://via.placeholder.com/400/751/fff/?text=undefined', '2020-04-30 06:58:49'),
(174, 2, 37.747170, -122.370716, 'Ex ea sint cupidatat ea non non consequat. Elit eiusmod proident in commodo sit mollit. Sit deserunt irure cupidatat irure. Duis cillum nulla incididunt elit dolore enim labore ad consectetur ea enim et tempor nostrud. Quis ipsum officia exercitation cupidatat nulla do consectetur proident. Pariatur enim sint ipsum qui ipsum qui Lorem adipisicing adipisicing consequat.\r\n\n', 'https://via.placeholder.com/400/917/fff/?text=undefined', '2020-07-16 10:43:12'),
(175, 9, 37.789863, -122.371166, 'Id exercitation elit magna consequat amet qui non cillum ex. Sunt tempor ut qui mollit exercitation duis aute id non. Ex incididunt nulla non consectetur occaecat nostrud voluptate commodo tempor fugiat ea.\r\n\n', 'https://via.placeholder.com/400/902/fff/?text=undefined', '2020-01-03 07:38:04'),
(176, 7, 37.754742, -122.524793, 'Sunt labore Lorem anim voluptate sit ad duis proident aliquip reprehenderit. Minim anim ea do excepteur nostrud culpa elit exercitation ut consectetur ut ullamco. Laborum irure ea reprehenderit deserunt exercitation amet esse. Nulla et ad cupidatat nostrud do ullamco. Eiusmod elit velit nisi proident non nulla officia eu sunt minim in laboris.\r\n\n', 'https://via.placeholder.com/400/962/fff/?text=undefined', '2020-05-16 02:15:05'),
(177, 3, 37.716811, -122.439033, 'Ea veniam mollit aute ut est est in in irure anim exercitation adipisicing commodo minim. Adipisicing incididunt ipsum culpa fugiat eu aliquip. Dolore adipisicing dolore in incididunt velit ipsum velit et proident occaecat voluptate non elit culpa. Anim esse amet exercitation ut est sint est voluptate non aliqua eiusmod.\r\n\n', 'https://via.placeholder.com/400/818/fff/?text=undefined', '2020-05-06 11:20:26'),
(178, 8, 37.761108, -122.394933, 'Nostrud pariatur qui irure consequat. Non enim enim Lorem nulla velit. Pariatur elit enim sint sunt voluptate ex amet aliquip sint duis velit. Ullamco aute anim ex tempor nisi deserunt proident reprehenderit nisi culpa. Dolore id id est cillum proident ex in enim quis aliquip incididunt ad culpa occaecat. Ea excepteur esse reprehenderit adipisicing est deserunt tempor quis.\r\n\n', 'https://via.placeholder.com/400/948/fff/?text=undefined', '2020-06-20 01:26:55'),
(179, 2, 37.785713, -122.483430, 'Irure ad elit quis et aute fugiat ea deserunt ut. Amet laborum esse anim ullamco enim. Ea ipsum duis cillum elit duis reprehenderit commodo cillum sit et deserunt. In veniam in sunt proident ut veniam commodo enim consequat est. Sunt velit nulla irure duis ipsum. Pariatur ad esse reprehenderit in enim tempor fugiat ut et enim.\r\n\n', 'https://via.placeholder.com/400/869/fff/?text=undefined', '2020-08-23 03:08:47'),
(180, 6, 37.736788, -122.481412, 'In eu occaecat qui voluptate magna laborum incididunt magna elit exercitation. Est cupidatat Lorem culpa consectetur excepteur. Occaecat aliqua nisi est quis deserunt. Do culpa in minim velit proident incididunt voluptate quis dolor.\r\n\n', 'https://via.placeholder.com/400/908/fff/?text=undefined', '2020-11-21 01:39:29'),
(181, 3, 37.751147, -122.411581, 'Est occaecat ut exercitation amet exercitation elit enim nulla ex veniam consequat consectetur. Culpa ullamco veniam cupidatat culpa culpa Lorem elit eu. Officia anim et ullamco Lorem irure do ex qui anim ullamco irure tempor ipsum. Cillum mollit deserunt cillum occaecat velit esse. Sint deserunt et enim consectetur proident quis. Qui nulla qui reprehenderit exercitation et elit excepteur non mollit. Commodo duis qui commodo laboris.\r\n\n', 'https://via.placeholder.com/400/709/fff/?text=undefined', '2020-01-30 08:38:18'),
(182, 10, 37.780252, -122.454649, 'Laboris qui reprehenderit velit aliquip do velit amet culpa adipisicing duis. Irure aute in veniam ut nostrud. Deserunt consequat commodo esse duis nostrud pariatur fugiat reprehenderit sunt consequat ut. Pariatur ex sint nostrud nostrud irure. Do laboris dolor est eu nisi labore ex cillum. Aliquip velit proident non magna minim pariatur. Do nulla commodo velit velit qui deserunt sit veniam exercitation tempor.\r\n\n', 'https://via.placeholder.com/400/717/fff/?text=undefined', '2020-01-30 04:52:25'),
(183, 5, 37.751698, -122.441713, 'Consequat proident ut excepteur ex sint pariatur dolor occaecat laborum mollit. Ea cillum deserunt ea adipisicing. Ad pariatur mollit sint qui qui dolore incididunt exercitation minim esse. Eu nostrud sit veniam ad. Officia mollit eiusmod culpa aute nisi mollit nulla aliquip Lorem. Reprehenderit excepteur deserunt fugiat laboris ullamco elit excepteur fugiat sint excepteur eiusmod fugiat voluptate reprehenderit. In fugiat Lorem eu magna veniam aute occaecat amet aliqua cupidatat.\r\n\n', 'https://via.placeholder.com/400/802/fff/?text=undefined', '2020-07-17 05:54:33'),
(184, 5, 37.778059, -122.490766, 'Ea tempor ea duis veniam. Irure id nulla ipsum reprehenderit nulla nisi id qui. Quis et adipisicing dolore sunt aliquip do nostrud tempor. Ea veniam eu aliqua mollit exercitation. Ex nisi mollit minim ipsum eu officia eu. Culpa nostrud pariatur eiusmod sunt dolore laboris elit qui eu fugiat sit cupidatat nostrud reprehenderit. Id commodo est deserunt culpa labore duis et eu.\r\n\n', 'https://via.placeholder.com/400/740/fff/?text=undefined', '2020-03-04 11:51:55'),
(185, 4, 37.779454, -122.365437, 'Culpa ullamco in deserunt fugiat Lorem in occaecat laboris exercitation consequat reprehenderit id cillum. Ad aliquip reprehenderit exercitation est ex deserunt in ut occaecat reprehenderit quis ex. Fugiat non sint elit velit esse pariatur magna occaecat dolore commodo excepteur culpa sunt. Velit eiusmod eu adipisicing qui in pariatur qui laboris magna nulla aliqua adipisicing veniam. Enim veniam pariatur adipisicing cillum sunt id sint. Commodo laboris nostrud et occaecat.\r\n\n', 'https://via.placeholder.com/400/773/fff/?text=undefined', '2020-08-15 01:27:34'),
(186, 8, 37.788954, -122.458011, 'Ad reprehenderit eiusmod sint qui irure ex ea officia anim mollit. Duis et officia eu sint est sunt id magna. Non velit Lorem sunt nulla nisi. Et pariatur veniam est eiusmod nisi aliquip nostrud aliqua sunt. Id dolore nulla ex Lorem cupidatat duis esse cupidatat. Sunt commodo eu minim excepteur in aliquip in cupidatat in. Sit ex magna veniam do ipsum sunt elit sit amet consequat anim tempor.\r\n\n', 'https://via.placeholder.com/400/739/fff/?text=undefined', '2020-07-02 05:41:29'),
(187, 9, 37.734557, -122.408161, 'Voluptate labore ad proident do non. Magna laboris magna deserunt cillum incididunt esse nostrud laboris incididunt. Dolore anim nostrud veniam fugiat velit cillum cillum ullamco cillum ex aliqua et. Non est nostrud elit exercitation in enim aliquip minim consectetur laborum incididunt cupidatat in.\r\n\n', 'https://via.placeholder.com/400/871/fff/?text=undefined', '2020-10-13 12:42:06'),
(188, 2, 37.777242, -122.428721, 'Proident irure sint sit aliquip nulla dolore ad reprehenderit est quis Lorem Lorem tempor. Eu nisi reprehenderit culpa labore cillum elit voluptate nulla duis. Anim exercitation aliquip laborum duis ipsum non commodo.\r\n\n', 'https://via.placeholder.com/400/766/fff/?text=undefined', '2020-09-19 11:34:25'),
(189, 5, 37.747908, -122.476161, 'Minim do labore do fugiat cupidatat id sint anim quis proident mollit minim non. Eu voluptate labore fugiat anim nulla eiusmod et. Ea enim irure sint esse aliqua excepteur. Commodo eu cupidatat dolor do sint qui ea dolor do adipisicing officia ullamco quis. Eiusmod commodo sit qui enim eiusmod reprehenderit sunt irure proident cupidatat ad cillum minim. Do non do incididunt occaecat reprehenderit.\r\n\n', 'https://via.placeholder.com/400/825/fff/?text=undefined', '2020-03-06 05:33:57'),
(190, 4, 37.763489, -122.447183, 'Adipisicing nisi ut deserunt enim excepteur id irure magna dolore nulla ut. Eiusmod officia voluptate nisi ipsum occaecat dolore mollit nisi in labore cupidatat pariatur mollit nostrud. Est magna culpa aute et cillum duis eu pariatur eiusmod.\r\n\n', 'https://via.placeholder.com/400/723/fff/?text=undefined', '2020-07-11 12:23:51'),
(191, 7, 37.717691, -122.373358, 'Dolor nulla do velit esse. Fugiat ut veniam deserunt sit est labore laboris est ad id esse sunt. Occaecat mollit incididunt voluptate occaecat in exercitation irure enim laborum id exercitation quis veniam dolore. Excepteur culpa culpa ea Lorem consectetur ut ad sint qui occaecat. Eiusmod dolore cupidatat sit velit mollit tempor duis ipsum quis Lorem do aliquip. Culpa voluptate aliquip proident amet veniam id non laboris.\r\n\n', 'https://via.placeholder.com/400/907/fff/?text=undefined', '2020-04-07 04:34:06'),
(192, 4, 37.720534, -122.480089, 'Amet nulla ex anim duis pariatur nulla. Non ex cillum magna laborum do veniam minim est consectetur ad. Labore anim ex mollit eiusmod consectetur quis amet labore id qui anim amet ut commodo. Sint commodo minim adipisicing id fugiat proident laborum sit magna ullamco duis ut sint anim. Qui nulla magna cupidatat magna sint.\r\n\n', 'https://via.placeholder.com/400/838/fff/?text=undefined', '2020-03-04 04:02:07'),
(193, 3, 37.702221, -122.389982, 'Veniam ad ipsum adipisicing dolore et eu. Cupidatat ipsum Lorem esse quis ipsum duis non. Eu laboris veniam consectetur sit ea tempor voluptate ut aute.\r\n\n', 'https://via.placeholder.com/400/807/fff/?text=undefined', '2020-04-08 06:54:34'),
(194, 2, 37.759319, -122.396804, 'Quis incididunt aute sint mollit magna dolore elit id exercitation. Anim sunt sunt sint velit magna deserunt amet irure irure minim aute eiusmod commodo mollit. Tempor mollit occaecat et ipsum dolor aliqua nisi quis deserunt in tempor est exercitation. Tempor ullamco dolor dolore elit eiusmod quis aute irure adipisicing magna est duis est cupidatat. Nostrud ex Lorem anim id.\r\n\n', 'https://via.placeholder.com/400/860/fff/?text=undefined', '2020-10-25 04:01:44'),
(195, 9, 37.779936, -122.431912, 'Incididunt quis dolore consequat et irure tempor sint dolor culpa minim nulla et cupidatat ex. Tempor officia eiusmod deserunt consequat sint in adipisicing ad cupidatat pariatur culpa occaecat quis proident. Laborum duis veniam incididunt aliqua in veniam fugiat incididunt eu. Fugiat do aute occaecat sint. Officia non in ut culpa mollit. Nostrud ad fugiat nostrud velit minim laborum ut mollit proident est tempor.\r\n\n', 'https://via.placeholder.com/400/912/fff/?text=undefined', '2020-08-03 08:56:50'),
(196, 9, 37.724316, -122.491858, 'Exercitation elit ullamco qui occaecat sunt non id. Incididunt voluptate magna nostrud magna dolor mollit sit ullamco quis cillum amet. Officia anim est dolor ex laborum veniam fugiat nisi esse mollit. Reprehenderit eu aute qui cillum. Non deserunt velit tempor cillum laboris sit do. Ad voluptate enim nostrud qui eiusmod ex anim sit ipsum dolor. Id nostrud in non tempor et irure dolor labore in.\r\n\n', 'https://via.placeholder.com/400/736/fff/?text=undefined', '2020-05-20 08:54:33'),
(197, 10, 37.704106, -122.461665, 'Sunt voluptate dolor elit ex in cillum. Eu non deserunt enim exercitation. Officia quis voluptate amet do eu nisi amet anim. Officia ex id occaecat reprehenderit.\r\n\n', 'https://via.placeholder.com/400/851/fff/?text=undefined', '2020-05-14 02:59:33'),
(198, 8, 37.749526, -122.496351, 'Id occaecat aliqua nulla minim excepteur elit nulla fugiat non est labore duis aliqua. Exercitation aute labore minim voluptate eiusmod. Commodo pariatur proident velit et laboris reprehenderit irure. Do nisi magna ipsum culpa. Consequat in proident ipsum aliqua cupidatat anim deserunt est deserunt excepteur occaecat enim.\r\n\n', 'https://via.placeholder.com/400/744/fff/?text=undefined', '2020-09-01 03:26:48'),
(199, 9, 37.727004, -122.403673, 'Cupidatat sint deserunt in consectetur veniam anim in dolore est esse. Officia consectetur culpa mollit dolor magna incididunt aute eiusmod nulla. Magna nulla nostrud voluptate tempor eiusmod. Non elit irure in consequat laboris officia dolor elit sit ad deserunt dolore reprehenderit.\r\n\n', 'https://via.placeholder.com/400/893/fff/?text=undefined', '2020-04-27 09:14:31'),
(200, 2, 37.791240, -122.436706, 'Dolore ad excepteur ullamco elit dolor ut qui non nulla sunt deserunt nostrud velit. Eiusmod excepteur aliqua ut occaecat deserunt voluptate. Aute ullamco ipsum cillum cillum reprehenderit nisi ad. Do ad esse consequat incididunt ex sunt voluptate deserunt sint qui culpa. Eu nostrud anim cupidatat dolore cupidatat laborum deserunt cupidatat.\r\n\n', 'https://via.placeholder.com/400/709/fff/?text=undefined', '2020-01-02 02:36:49'),
(201, 6, 37.711123, -122.520341, 'Nulla nisi Lorem in eu eiusmod proident anim cillum veniam consectetur. In aliqua nostrud officia cillum enim cupidatat sint occaecat. Magna enim do sunt irure mollit adipisicing. Ullamco fugiat exercitation ex magna voluptate laborum ullamco proident reprehenderit pariatur ea laborum. Tempor dolore qui aliqua dolor quis cillum voluptate aliquip irure tempor.\r\n\n', 'https://via.placeholder.com/400/979/fff/?text=undefined', '2020-09-09 11:36:39'),
(202, 4, 37.715422, -122.498563, 'Culpa pariatur incididunt deserunt in aute non. Eu aliqua cillum reprehenderit minim reprehenderit quis velit amet proident. Cupidatat commodo eiusmod mollit ea culpa sit mollit ex. Mollit excepteur deserunt nulla minim culpa dolore. Irure nisi eiusmod occaecat et laboris cupidatat reprehenderit nulla eiusmod. Consectetur incididunt irure dolore deserunt minim id qui commodo. Occaecat ex ullamco excepteur ullamco velit ea.\r\n\n', 'https://via.placeholder.com/400/724/fff/?text=undefined', '2020-09-16 07:09:29'),
(203, 8, 37.769494, -122.395138, 'Ex voluptate in amet mollit esse consequat laborum ut aute culpa minim elit reprehenderit ullamco. Adipisicing consequat duis aute proident quis in. Eiusmod mollit sit consequat voluptate consectetur proident.\r\n\n', 'https://via.placeholder.com/400/968/fff/?text=undefined', '2020-06-12 05:05:04'),
(204, 7, 37.720849, -122.476718, 'Voluptate id dolore voluptate et minim. Consectetur nostrud labore culpa reprehenderit veniam sunt id esse nulla aliqua cillum. Ullamco nisi est irure fugiat.\r\n\n', 'https://via.placeholder.com/400/712/fff/?text=undefined', '2020-04-26 01:32:34'),
(205, 9, 37.751106, -122.407173, 'Aute elit elit sunt consectetur laboris. Ea ea est consectetur reprehenderit tempor commodo nisi incididunt nisi. Magna cupidatat reprehenderit minim aute ad ad. Cillum cillum occaecat laboris est eiusmod qui do ullamco dolor amet ad duis.\r\n\n', 'https://via.placeholder.com/400/800/fff/?text=undefined', '2020-11-19 02:58:26'),
(206, 4, 37.755644, -122.484167, 'Dolor deserunt officia est sint sint amet cupidatat excepteur nulla magna ullamco officia. Officia Lorem incididunt elit nisi pariatur amet est quis et commodo. Nostrud esse tempor excepteur fugiat. Ad sunt anim quis adipisicing dolore ea ea nostrud sint cillum reprehenderit tempor. Anim sit anim sint culpa amet laboris do duis minim excepteur cillum in do adipisicing. Adipisicing est cupidatat do magna sit dolore culpa voluptate ipsum exercitation. Id sint deserunt incididunt quis consequat aliquip officia deserunt id anim proident dolore deserunt eiusmod.\r\n\n', 'https://via.placeholder.com/400/935/fff/?text=undefined', '2020-07-01 05:20:57'),
(207, 2, 37.751870, -122.439233, 'Labore non voluptate amet consectetur mollit exercitation magna culpa consectetur irure ut irure. Esse aute et sint deserunt consectetur sint duis. Officia occaecat et ad ad. Ad id et consequat laborum sint sunt pariatur in magna ex pariatur. Ut aliquip officia pariatur pariatur voluptate elit est sit adipisicing do sint dolore. Elit fugiat exercitation nostrud amet minim ex fugiat pariatur sunt anim dolore incididunt. Ipsum nulla minim voluptate ut excepteur aliquip irure.\r\n\n', 'https://via.placeholder.com/400/732/fff/?text=undefined', '2020-02-21 12:17:59'),
(208, 1, 37.788677, -122.413574, 'Anim anim laboris occaecat incididunt veniam aute fugiat elit laboris elit aliquip labore. Laborum in exercitation esse qui irure occaecat sit do cupidatat. Tempor cillum adipisicing ad ullamco tempor. Aliqua dolor aute sit exercitation ut quis ullamco sint esse anim duis reprehenderit esse laborum. Consequat dolore et tempor mollit ea ad dolor quis sunt eu ex. Irure fugiat magna cillum ex enim incididunt mollit id consequat magna id fugiat occaecat officia.\r\n\n', 'https://via.placeholder.com/400/958/fff/?text=undefined', '2020-05-13 12:42:58'),
(209, 8, 37.725131, -122.521269, 'Aliqua ex nisi sint veniam labore sunt sit laborum labore labore. Ea excepteur sint id ullamco sunt laboris. Officia veniam est sit amet cupidatat mollit eiusmod duis. Cillum aliquip sunt sit ut consequat aliqua esse officia voluptate. Cillum consequat ex magna veniam tempor nulla reprehenderit laboris quis culpa sit. Eu cupidatat nisi ullamco velit duis culpa labore. Irure exercitation sint id aliqua non eu nulla excepteur non.\r\n\n', 'https://via.placeholder.com/400/985/fff/?text=undefined', '2020-06-20 07:00:37'),
(210, 8, 37.785600, -122.469677, 'Elit aliquip ullamco tempor aliquip eu fugiat ipsum in exercitation sunt. Dolore labore culpa elit ut laborum aliquip fugiat ea sint ipsum. Consequat laboris culpa et adipisicing deserunt ut dolor consequat do non in.\r\n\n', 'https://via.placeholder.com/400/909/fff/?text=undefined', '2020-09-20 07:08:13'),
(211, 6, 37.725986, -122.371805, 'Irure proident do aliquip nostrud incididunt sint anim aliquip est eiusmod dolor aliqua. Ipsum dolore ad eiusmod excepteur eiusmod ad ad commodo adipisicing est tempor proident. Aliqua nulla cupidatat ut dolor id aliqua occaecat dolor occaecat nisi sit fugiat excepteur quis. Excepteur id nisi cillum duis voluptate sint magna voluptate cillum velit aute. Mollit nulla pariatur culpa eiusmod adipisicing tempor dolor. Duis velit eu non sint et laborum esse proident. Tempor adipisicing exercitation sit in dolore nostrud minim cupidatat.\r\n\n', 'https://via.placeholder.com/400/950/fff/?text=undefined', '2020-10-13 09:43:06'),
(212, 7, 37.735646, -122.429794, 'Deserunt voluptate voluptate culpa minim est tempor incididunt cillum pariatur adipisicing. Dolor laboris enim non Lorem minim labore ipsum voluptate duis occaecat. Do non ex reprehenderit officia enim ipsum et velit nulla ad mollit quis.\r\n\n', 'https://via.placeholder.com/400/996/fff/?text=undefined', '2020-10-30 02:43:17'),
(213, 3, 37.722487, -122.508902, 'Minim qui ex veniam occaecat commodo id mollit ea laborum adipisicing esse officia. Nostrud enim Lorem proident proident non ad. Sit pariatur ut ipsum incididunt exercitation cillum minim in adipisicing. In nisi nostrud sint in in voluptate tempor enim ea eiusmod. Do commodo reprehenderit culpa pariatur enim laboris mollit labore quis do ullamco.\r\n\n', 'https://via.placeholder.com/400/809/fff/?text=undefined', '2020-10-14 11:20:56'),
(214, 9, 37.740592, -122.524756, 'Aliquip veniam officia excepteur aliqua labore labore elit nulla sit dolor mollit occaecat do pariatur. Mollit incididunt tempor ad duis adipisicing minim fugiat et ad ipsum. Id sit ipsum ipsum sunt consectetur irure aliqua mollit. Non incididunt consequat ea commodo laborum dolore sunt minim ad dolor pariatur ut laboris esse. Esse quis aliqua ut laborum aliqua pariatur aute tempor duis. Aliquip sit ullamco sit velit amet quis velit Lorem ea duis veniam non.\r\n\n', 'https://via.placeholder.com/400/806/fff/?text=undefined', '2020-06-24 05:07:29'),
(215, 5, 37.739731, -122.406088, 'Voluptate occaecat do nostrud anim exercitation elit exercitation incididunt. Duis reprehenderit sit ut qui minim sunt. Veniam ipsum ex dolore duis sunt ut irure non ex officia dolor commodo enim.\r\n\n', 'https://via.placeholder.com/400/987/fff/?text=undefined', '2020-06-06 03:44:35'),
(216, 7, 37.772339, -122.383855, 'Nulla est dolor id irure pariatur ipsum culpa labore eiusmod. Ad deserunt eu ipsum nisi reprehenderit labore cillum eu in ut fugiat. Irure in proident eu sit voluptate sit aliqua occaecat eu est in ex. Nisi eiusmod eiusmod non in occaecat velit eu.\r\n\n', 'https://via.placeholder.com/400/707/fff/?text=undefined', '2020-10-15 08:12:03'),
(217, 5, 37.740929, -122.382731, 'Est magna culpa pariatur laborum amet ipsum esse sunt adipisicing enim anim nisi velit. Ullamco magna cupidatat consectetur officia. Proident proident occaecat duis commodo veniam ad culpa aliquip eu est ex sit cillum fugiat.\r\n\n', 'https://via.placeholder.com/400/954/fff/?text=undefined', '2020-09-29 12:27:06'),
(218, 7, 37.726545, -122.375299, 'Quis velit tempor ut velit aliqua non nostrud occaecat in nisi exercitation proident dolor laboris. Reprehenderit ipsum ex sit nulla Lorem officia laborum ut ut ipsum quis proident voluptate nisi. Enim tempor dolore aliqua velit non fugiat deserunt id amet aute amet dolor. Quis ex fugiat cupidatat adipisicing.\r\n\n', 'https://via.placeholder.com/400/935/fff/?text=undefined', '2020-07-17 04:12:50'),
(219, 5, 37.758722, -122.454171, 'Commodo exercitation culpa cillum sit cupidatat pariatur proident cupidatat irure Lorem labore. Pariatur occaecat aute non consectetur non officia culpa amet ex duis minim amet quis. Commodo duis adipisicing aliqua adipisicing mollit culpa id culpa voluptate aute velit sit dolor.\r\n\n', 'https://via.placeholder.com/400/828/fff/?text=undefined', '2020-03-29 10:36:29'),
(220, 4, 37.795072, -122.432772, 'Cupidatat deserunt consequat laboris occaecat labore. Ullamco occaecat dolor consectetur commodo est. Cillum ullamco excepteur cillum duis elit labore tempor ullamco sit culpa mollit fugiat irure. Occaecat eu do commodo culpa sunt aliqua duis enim sunt commodo adipisicing aute consectetur elit. Officia non duis enim ipsum amet. Dolore sit cupidatat duis commodo ea aliqua dolor aliquip. Minim sit enim nulla deserunt occaecat ullamco exercitation irure magna aliqua commodo ea esse velit.\r\n\n', 'https://via.placeholder.com/400/794/fff/?text=undefined', '2020-10-09 12:02:35'),
(221, 5, 37.785787, -122.374761, 'Voluptate sunt nisi fugiat occaecat eiusmod. Tempor est enim proident ea labore quis id sit et est nisi ut. Eu sit sunt exercitation laborum esse dolor irure culpa. Consectetur pariatur officia proident labore ea tempor. Dolor tempor et aliqua deserunt dolore amet do voluptate officia et voluptate irure aute nisi. Proident id adipisicing sint quis ipsum nulla anim qui quis nostrud dolor irure commodo. Enim nulla duis laborum ullamco non nulla.\r\n\n', 'https://via.placeholder.com/400/748/fff/?text=undefined', '2020-11-12 08:30:35');
INSERT INTO `track_locations` (`id`, `animal_id`, `lat`, `lng`, `description`, `img`, `date_create`) VALUES
(222, 2, 37.716974, -122.450136, 'Magna magna consequat sunt id mollit magna eiusmod duis. Incididunt eu ea ipsum id aliqua officia ullamco. Magna commodo ex irure ipsum tempor ut irure qui do laboris ipsum qui amet incididunt. Eu consequat irure adipisicing sunt ipsum.\r\n\n', 'https://via.placeholder.com/400/797/fff/?text=undefined', '2020-02-06 02:43:35'),
(223, 6, 37.726176, -122.486279, 'Nostrud ad irure ullamco est proident ea est qui dolore excepteur adipisicing. Veniam reprehenderit laboris est nisi proident aute. Dolor ipsum aute esse cillum incididunt irure dolor magna dolor enim sint sint reprehenderit laborum. Commodo ea fugiat magna enim elit pariatur consectetur officia voluptate consequat cupidatat minim. Aliqua deserunt excepteur nostrud amet ipsum magna minim fugiat deserunt esse non sunt. Lorem aliquip sit minim commodo id cupidatat ipsum ullamco nisi non. Ipsum adipisicing sint consequat ullamco cupidatat voluptate quis ad eu consectetur.\r\n\n', 'https://via.placeholder.com/400/911/fff/?text=undefined', '2020-10-14 04:05:37'),
(224, 3, 37.729687, -122.400866, 'Incididunt occaecat duis irure sunt nisi dolore incididunt aliquip. Anim quis exercitation velit et officia. Culpa eu et laborum reprehenderit officia anim fugiat commodo adipisicing non. Sint velit irure voluptate mollit eu sint do ut reprehenderit aliquip irure et laboris mollit. Deserunt non qui est aliquip incididunt id consectetur excepteur velit ex ad culpa dolore Lorem. Cillum nostrud minim est nisi nostrud exercitation velit do proident velit.\r\n\n', 'https://via.placeholder.com/400/879/fff/?text=undefined', '2020-09-23 05:16:55'),
(225, 1, 37.773539, -122.380079, 'Fugiat ex ad veniam fugiat veniam proident eiusmod sunt est est. Cillum anim cupidatat excepteur reprehenderit excepteur. Amet duis id culpa consectetur aliquip laboris exercitation sint nulla magna elit ad. Sunt quis deserunt ut Lorem. Tempor proident do deserunt pariatur velit dolore voluptate adipisicing fugiat. Sit dolore nostrud ullamco aliquip anim labore dolore elit dolor ea sunt esse laboris.\r\n\n', 'https://via.placeholder.com/400/749/fff/?text=undefined', '2020-04-22 04:32:50'),
(226, 6, 37.741664, -122.429434, 'Ipsum anim fugiat laboris incididunt proident consequat ea tempor nisi. Dolore labore in do deserunt officia dolore amet aliqua officia incididunt nostrud consequat ad. Sint ullamco veniam dolore nostrud et qui. Sunt ullamco incididunt sunt voluptate est qui excepteur officia aliquip nostrud anim aliqua. Officia cupidatat eiusmod do ut id sit.\r\n\n', 'https://via.placeholder.com/400/902/fff/?text=undefined', '2020-02-11 05:37:33'),
(227, 2, 37.718192, -122.419193, 'Id consequat adipisicing aliqua occaecat ullamco nostrud Lorem sunt velit consequat esse culpa. Occaecat pariatur adipisicing fugiat consequat consectetur ut proident magna irure aliquip tempor officia esse. Veniam consectetur ex laborum qui incididunt aliquip pariatur aliquip. Fugiat exercitation cillum ea cillum labore nisi id in adipisicing velit esse officia. Irure eiusmod sit id amet culpa laboris exercitation dolor duis tempor incididunt velit quis et.\r\n\n', 'https://via.placeholder.com/400/714/fff/?text=undefined', '2020-07-29 11:08:06'),
(228, 3, 37.704082, -122.403983, 'Labore quis veniam ipsum ea sunt. Exercitation eiusmod irure nulla minim. Ipsum eiusmod aute duis nostrud ad est duis ipsum. Excepteur cillum elit laboris culpa ad consectetur. Nostrud irure est sint cupidatat enim. In excepteur commodo sunt aute cillum pariatur nulla cupidatat laboris occaecat proident nostrud labore.\r\n\n', 'https://via.placeholder.com/400/805/fff/?text=undefined', '2020-07-18 01:30:24'),
(229, 7, 37.771650, -122.419882, 'Duis ad qui sunt cupidatat ea ut duis qui qui mollit officia ullamco pariatur labore. Adipisicing minim labore quis ex ullamco laboris eiusmod cupidatat occaecat nulla qui. Anim consequat sit proident nisi nisi duis pariatur irure velit sit sunt. Est cillum labore nulla magna elit eiusmod.\r\n\n', 'https://via.placeholder.com/400/965/fff/?text=undefined', '2020-11-05 10:04:56'),
(230, 6, 37.770713, -122.390302, 'Eu nulla aute aute fugiat et elit. Id fugiat est qui ad est officia ea ut officia pariatur. Dolor sit id laborum voluptate eiusmod dolore irure est minim. Aute consequat mollit tempor dolor aliquip cupidatat ea irure ex nulla laboris veniam velit irure. Eu sit nulla in veniam pariatur minim dolore. Dolore consequat duis officia anim irure labore exercitation anim anim nisi ea occaecat culpa. Velit est enim consectetur nisi aliqua nostrud in aliquip anim duis.\r\n\n', 'https://via.placeholder.com/400/949/fff/?text=undefined', '2020-08-13 04:52:44'),
(231, 5, 37.723638, -122.376708, 'Cupidatat eu proident ut cillum nostrud laboris reprehenderit. Incididunt adipisicing id cupidatat aliquip consectetur voluptate esse tempor enim. Consectetur mollit fugiat eiusmod est aute qui sunt. Aliquip Lorem Lorem exercitation voluptate elit excepteur eu do ex ea nulla.\r\n\n', 'https://via.placeholder.com/400/950/fff/?text=undefined', '2020-01-27 06:53:59'),
(232, 3, 37.790034, -122.499754, 'Velit anim nisi sunt cupidatat tempor et ad magna reprehenderit. Dolore non esse do enim occaecat ut deserunt id quis nulla ad duis ea nostrud. Elit adipisicing laborum do esse eiusmod exercitation consectetur dolore et proident sit fugiat. Labore aute elit officia non aliqua sit non ea eiusmod fugiat fugiat.\r\n\n', 'https://via.placeholder.com/400/850/fff/?text=undefined', '2020-06-11 04:40:34'),
(233, 1, 37.715452, -122.503501, 'Reprehenderit sint nostrud ad veniam aliquip amet commodo do ex nostrud minim in. Occaecat nostrud sunt tempor id eiusmod. Do quis consectetur enim sit amet duis sit nostrud ex do. Deserunt esse velit aliquip mollit enim esse laborum consequat irure irure.\r\n\n', 'https://via.placeholder.com/400/945/fff/?text=undefined', '2020-01-19 02:17:43'),
(234, 10, 37.728767, -122.481714, 'Lorem nulla tempor ipsum velit aliquip eu. Aute nisi consectetur id occaecat ut Lorem aliqua. Tempor velit aliqua pariatur ullamco consectetur. Est sunt ut nostrud minim amet enim reprehenderit ex non tempor exercitation.\r\n\n', 'https://via.placeholder.com/400/760/fff/?text=undefined', '2020-03-22 01:54:23'),
(235, 6, 37.772478, -122.481397, 'Eu nostrud mollit amet labore sit mollit. Ea magna ut esse est duis. Eiusmod magna amet reprehenderit et ipsum eu voluptate eiusmod eu.\r\n\n', 'https://via.placeholder.com/400/947/fff/?text=undefined', '2020-09-24 04:24:14'),
(236, 3, 37.764994, -122.453620, 'Magna dolor voluptate pariatur cupidatat voluptate elit mollit eiusmod mollit amet et do reprehenderit magna. Et exercitation non cillum dolore ex fugiat in adipisicing. Labore ut minim sit laboris eiusmod sint enim dolore tempor nisi tempor fugiat veniam. Ut minim ullamco nulla commodo commodo duis reprehenderit nostrud voluptate culpa amet. Labore laborum labore excepteur occaecat duis culpa ullamco.\r\n\n', 'https://via.placeholder.com/400/946/fff/?text=undefined', '2020-03-21 02:04:22'),
(237, 6, 37.738864, -122.523448, 'Ullamco pariatur laboris et deserunt. Quis pariatur irure magna reprehenderit qui dolore sit reprehenderit aute dolor. Laboris eu proident cillum occaecat.\r\n\n', 'https://via.placeholder.com/400/866/fff/?text=undefined', '2020-02-11 04:24:19'),
(238, 8, 37.726961, -122.523806, 'Cupidatat cillum voluptate cillum et tempor consequat velit tempor officia cupidatat eu enim. Quis ea excepteur labore amet dolore amet aliqua exercitation nostrud mollit. Velit elit labore cupidatat fugiat elit reprehenderit in cillum. Reprehenderit enim aliquip sunt excepteur excepteur amet proident. Qui reprehenderit sunt incididunt adipisicing pariatur Lorem non voluptate incididunt enim velit minim elit anim. Anim proident deserunt aliquip in id Lorem Lorem mollit.\r\n\n', 'https://via.placeholder.com/400/763/fff/?text=undefined', '2020-07-08 09:54:52'),
(239, 2, 37.772666, -122.399535, 'Magna minim eiusmod laboris ipsum consequat. Est commodo est Lorem magna. Minim amet in ullamco sint. Qui excepteur ea officia cupidatat fugiat.\r\n\n', 'https://via.placeholder.com/400/755/fff/?text=undefined', '2020-07-08 05:30:32'),
(240, 1, 37.749619, -122.367042, 'Qui consequat ex in in sunt. Ullamco tempor consectetur quis tempor ullamco mollit duis do quis. Fugiat nulla sint amet qui sunt excepteur exercitation veniam adipisicing. Ipsum cupidatat culpa veniam et amet. Aliqua deserunt cupidatat irure adipisicing proident elit ullamco velit proident eiusmod anim est.\r\n\n', 'https://via.placeholder.com/400/883/fff/?text=undefined', '2020-07-18 02:21:09'),
(241, 5, 37.773000, -122.375525, 'Exercitation ut consequat magna cillum ea sint in ex irure id. Commodo id elit adipisicing ut ut magna dolor do est reprehenderit laboris mollit cillum excepteur. In deserunt laboris eu elit aliquip dolore culpa nulla fugiat cupidatat aliqua fugiat proident eu. Et dolor excepteur eu velit dolor dolor voluptate in elit nulla Lorem. Lorem adipisicing ullamco aliquip aute.\r\n\n', 'https://via.placeholder.com/400/776/fff/?text=undefined', '2020-06-01 08:36:32'),
(242, 3, 37.748620, -122.484762, 'Reprehenderit mollit eu mollit nisi. Cillum fugiat velit Lorem exercitation aliqua laborum aliquip incididunt exercitation nisi quis Lorem occaecat. In mollit Lorem incididunt sint ullamco aute occaecat nulla.\r\n\n', 'https://via.placeholder.com/400/894/fff/?text=undefined', '2020-09-03 06:05:51'),
(243, 5, 37.741281, -122.482202, 'Nulla ea dolore irure dolor sint consectetur proident. Ut enim Lorem enim ea Lorem pariatur anim ullamco magna. Ut esse qui aute est laboris. Amet sint in sint aliquip labore cupidatat laboris excepteur exercitation reprehenderit ipsum aute. Dolore in ea aliquip aute eiusmod ea ea.\r\n\n', 'https://via.placeholder.com/400/922/fff/?text=undefined', '2020-05-25 06:39:20'),
(244, 6, 37.701630, -122.381550, 'Aliqua nulla mollit enim irure ullamco cupidatat aliqua mollit adipisicing. Elit do proident elit do sint amet fugiat ea veniam enim in. Dolore tempor velit minim ullamco reprehenderit ullamco velit laboris in. Irure qui pariatur cupidatat dolor et ullamco dolor non.\r\n\n', 'https://via.placeholder.com/400/744/fff/?text=undefined', '2020-03-09 08:20:18'),
(245, 2, 37.769222, -122.435551, 'Non ullamco velit amet consequat enim anim culpa ea commodo et dolore mollit. Magna anim aliquip quis qui enim duis. Fugiat et quis sunt laboris velit ad.\r\n\n', 'https://via.placeholder.com/400/786/fff/?text=undefined', '2020-01-20 08:11:58'),
(246, 3, 37.711342, -122.436890, 'Quis mollit incididunt enim nostrud est id ipsum proident nisi ipsum do esse consequat. Tempor qui occaecat pariatur tempor. Esse sint dolore amet amet ullamco enim voluptate anim labore adipisicing consequat. Labore laboris magna aliquip occaecat duis tempor. Labore ipsum veniam tempor esse. Nostrud pariatur culpa eu dolor elit eu commodo nulla cillum sunt proident veniam ullamco. Et magna labore officia fugiat cillum incididunt quis ad aute commodo magna sit pariatur ex.\r\n\n', 'https://via.placeholder.com/400/792/fff/?text=undefined', '2020-03-13 01:16:02'),
(247, 9, 37.721666, -122.388115, 'Amet veniam labore elit laboris non aliqua exercitation irure laborum voluptate irure ex. Aute velit non Lorem laborum nulla incididunt officia anim do sint. Consectetur elit exercitation nostrud irure eiusmod elit.\r\n\n', 'https://via.placeholder.com/400/998/fff/?text=undefined', '2020-02-20 12:44:20'),
(248, 5, 37.792949, -122.458654, 'In mollit laborum reprehenderit mollit veniam. Proident laborum ullamco fugiat ut in commodo est ad culpa enim reprehenderit adipisicing dolore. Anim incididunt consectetur proident labore fugiat irure qui proident. Minim incididunt sit incididunt anim ea quis sunt ex ad est non exercitation.\r\n\n', 'https://via.placeholder.com/400/980/fff/?text=undefined', '2020-06-23 07:58:10'),
(249, 6, 37.702632, -122.473219, 'In Lorem dolor id elit ea non et incididunt ipsum dolor eiusmod ex ea aute. Ut ea aliqua Lorem enim laborum nulla Lorem sint nostrud labore duis velit. Dolor tempor cillum culpa velit labore id ipsum enim Lorem aliquip. Velit ut ipsum ut laboris qui veniam excepteur amet fugiat sunt occaecat sint est. Irure ea ad veniam anim ex incididunt. Ut Lorem sunt ullamco non occaecat. Consectetur commodo anim eu exercitation anim sunt commodo do adipisicing laborum veniam culpa dolor.\r\n\n', 'https://via.placeholder.com/400/913/fff/?text=undefined', '2020-10-01 06:45:51'),
(250, 6, 37.714515, -122.467394, 'Culpa ipsum amet occaecat cillum velit ex voluptate ut mollit ipsum eu sit cupidatat. Fugiat et in sit incididunt veniam in adipisicing laborum officia duis qui amet. Adipisicing reprehenderit qui magna incididunt sunt anim id ex proident culpa quis consectetur. Id laborum est sint ipsum. Elit eu fugiat eiusmod laboris ad dolore incididunt officia irure magna consequat Lorem. Lorem sunt voluptate ipsum officia anim enim minim. Exercitation voluptate culpa duis cupidatat.\r\n\n', 'https://via.placeholder.com/400/706/fff/?text=undefined', '2020-03-22 08:47:19');

-- --------------------------------------------------------

--
-- Table structure for table `track_users`
--

CREATE TABLE `track_users` (
  `id` int(11) NOT NULL,
  `name` varchar(64) NOT NULL,
  `username` varchar(64) NOT NULL,
  `email` varchar(128) NOT NULL,
  `password` varchar(32) NOT NULL,
  `img` varchar(256) NOT NULL,
  `date_create` datetime NOT NULL
) ENGINE=MyISAM DEFAULT CHARSET=latin1;

--
-- Dumping data for table `track_users`
--

INSERT INTO `track_users` (`id`, `name`, `username`, `email`, `password`, `img`, `date_create`) VALUES
(1, 'Puckett Riddle', 'user1', 'user1@gmail.com', '1a1dc91c907325c69271ddf0c944bc72', 'https://via.placeholder.com/400/790/fff/?text=user1', '2020-10-28 08:29:55'),
(2, 'George Beard', 'user2', 'user2@gmail.com', '1a1dc91c907325c69271ddf0c944bc72', 'https://via.placeholder.com/400/839/fff/?text=user2', '2020-09-19 07:32:29'),
(3, 'Tiffany Franks', 'user3', 'user3@gmail.com', '1a1dc91c907325c69271ddf0c944bc72', 'https://via.placeholder.com/400/886/fff/?text=user3', '2020-03-01 08:19:57'),
(4, 'Norton Reynolds', 'user4', 'user4@gmail.com', '1a1dc91c907325c69271ddf0c944bc72', 'https://via.placeholder.com/400/781/fff/?text=user4', '2020-05-06 07:17:50'),
(5, 'Stout Goodman', 'user5', 'user5@gmail.com', '1a1dc91c907325c69271ddf0c944bc72', 'https://via.placeholder.com/400/889/fff/?text=user5', '2020-05-26 01:12:58'),
(6, 'Margaret Allison', 'user6', 'user6@gmail.com', '1a1dc91c907325c69271ddf0c944bc72', 'https://via.placeholder.com/400/773/fff/?text=user6', '2020-04-19 04:07:11'),
(7, 'Maxine Jacobs', 'user7', 'user7@gmail.com', '1a1dc91c907325c69271ddf0c944bc72', 'https://via.placeholder.com/400/889/fff/?text=user7', '2020-08-31 02:56:22'),
(8, 'Josefina Moses', 'user8', 'user8@gmail.com', '1a1dc91c907325c69271ddf0c944bc72', 'https://via.placeholder.com/400/818/fff/?text=user8', '2020-09-13 09:45:30'),
(9, 'Moss Calhoun', 'user9', 'user9@gmail.com', '1a1dc91c907325c69271ddf0c944bc72', 'https://via.placeholder.com/400/984/fff/?text=user9', '2020-07-05 02:30:05'),
(10, 'Amparo Whitfield', 'user10', 'user10@gmail.com', '1a1dc91c907325c69271ddf0c944bc72', 'https://via.placeholder.com/400/765/fff/?text=user10', '2020-08-12 11:13:09');

--
-- Indexes for dumped tables
--

--
-- Indexes for table `product list`
--
ALTER TABLE `product list`
  ADD PRIMARY KEY (`id`);

--
-- Indexes for table `products`
--
ALTER TABLE `products`
  ADD PRIMARY KEY (`id`);

--
-- Indexes for table `test`
--
ALTER TABLE `test`
  ADD PRIMARY KEY (`id`);

--
-- Indexes for table `track_animals`
--
ALTER TABLE `track_animals`
  ADD PRIMARY KEY (`id`);

--
-- Indexes for table `track_locations`
--
ALTER TABLE `track_locations`
  ADD PRIMARY KEY (`id`);

--
-- Indexes for table `track_users`
--
ALTER TABLE `track_users`
  ADD PRIMARY KEY (`id`);

--
-- AUTO_INCREMENT for dumped tables
--

--
-- AUTO_INCREMENT for table `product list`
--
ALTER TABLE `product list`
  MODIFY `id` int(13) NOT NULL AUTO_INCREMENT, AUTO_INCREMENT=2;

--
-- AUTO_INCREMENT for table `products`
--
ALTER TABLE `products`
  MODIFY `id` int(13) NOT NULL AUTO_INCREMENT, AUTO_INCREMENT=12;

--
-- AUTO_INCREMENT for table `test`
--
ALTER TABLE `test`
  MODIFY `id` int(13) NOT NULL AUTO_INCREMENT, AUTO_INCREMENT=3;

--
-- AUTO_INCREMENT for table `track_animals`
--
ALTER TABLE `track_animals`
  MODIFY `id` int(11) NOT NULL AUTO_INCREMENT, AUTO_INCREMENT=55;

--
-- AUTO_INCREMENT for table `track_locations`
--
ALTER TABLE `track_locations`
  MODIFY `id` int(11) NOT NULL AUTO_INCREMENT, AUTO_INCREMENT=251;

--
-- AUTO_INCREMENT for table `track_users`
--
ALTER TABLE `track_users`
  MODIFY `id` int(11) NOT NULL AUTO_INCREMENT, AUTO_INCREMENT=12;
COMMIT;

/*!40101 SET CHARACTER_SET_CLIENT=@OLD_CHARACTER_SET_CLIENT */;
/*!40101 SET CHARACTER_SET_RESULTS=@OLD_CHARACTER_SET_RESULTS */;
/*!40101 SET COLLATION_CONNECTION=@OLD_COLLATION_CONNECTION */;
